step,time,link_id,v1_x,v1_y,v2_x,v2_y,mid_x,mid_y,radius,scv_flux,loop_flux,delta_flux
0,0.00000000,1,1,1,2,1,1.500000,1.000000,3.201562118716,0.000000000000,0.000000000000,0.000000000000
0,0.00000000,2,2,1,3,1,2.500000,1.000000,2.500000000000,0.000000000000,0.000000000000,0.000000000000
0,0.00000000,3,3,1,4,1,3.500000,1.000000,2.061552812809,0.000000000000,0.000000000000,0.000000000000
0,0.00000000,4,4,1,5,1,4.500000,1.000000,2.061552812809,0.000000000000,0.000000000000,0.000000000000
0,0.00000000,5,5,1,6,1,5.500000,1.000000,2.500000000000,0.000000000000,0.000000000000,0.000000000000
0,0.00000000,6,6,1,7,1,6.500000,1.000000,3.201562118716,0.000000000000,0.000000000000,0.000000000000
0,0.00000000,7,7,1,8,1,7.500000,1.000000,4.031128874149,0.000000000000,0.000000000000,0.000000000000
0,0.00000000,8,1,2,2,2,1.500000,2.000000,2.692582403567,0.000000000000,0.000000000000,0.000000000000
0,0.00000000,9,2,2,3,2,2.500000,2.000000,1.802775637732,0.000000000000,0.000000000000,0.000000000000
0,0.00000000,10,3,2,4,2,3.500000,2.000000,1.118033988750,0.000000000000,0.000000000000,0.000000000000
0,0.00000000,11,4,2,5,2,4.500000,2.000000,1.118033988750,0.000000000000,0.000000000000,0.000000000000
0,0.00000000,12,5,2,6,2,5.500000,2.000000,1.802775637732,0.000000000000,0.000000000000,0.000000000000
0,0.00000000,13,6,2,7,2,6.500000,2.000000,2.692582403567,0.000000000000,0.000000000000,0.000000000000
0,0.00000000,14,7,2,8,2,7.500000,2.000000,3.640054944640,0.000000000000,0.000000000000,0.000000000000
0,0.00000000,15,1,3,2,3,1.500000,3.000000,2.500000000000,0.000000000000,0.000000000000,0.000000000000
0,0.00000000,16,2,3,3,3,2.500000,3.000000,1.500000000000,0.000000000000,0.000000000000,0.000000000000
0,0.00000000,17,3,3,4,3,3.500000,3.000000,0.500000000000,0.000000000000,1.000000000000,1.000000000000
0,0.00000000,18,4,3,5,3,4.500000,3.000000,0.500000000000,0.000000000000,1.000000000000,1.000000000000
0,0.00000000,19,5,3,6,3,5.500000,3.000000,1.500000000000,0.000000000000,0.000000000000,0.000000000000
0,0.00000000,20,6,3,7,3,6.500000,3.000000,2.500000000000,0.000000000000,0.000000000000,0.000000000000
0,0.00000000,21,7,3,8,3,7.500000,3.000000,3.500000000000,0.000000000000,0.000000000000,0.000000000000
0,0.00000000,22,1,4,2,4,1.500000,4.000000,2.692582403567,0.000000000000,0.000000000000,0.000000000000
0,0.00000000,23,2,4,3,4,2.500000,4.000000,1.802775637732,0.000000000000,0.000000000000,0.000000000000
0,0.00000000,24,3,4,4,4,3.500000,4.000000,1.118033988750,0.000000000000,0.000000000000,0.000000000000
0,0.00000000,25,4,4,5,4,4.500000,4.000000,1.118033988750,0.000000000000,0.000000000000,0.000000000000
0,0.00000000,26,5,4,6,4,5.500000,4.000000,1.802775637732,0.000000000000,0.000000000000,0.000000000000
0,0.00000000,27,6,4,7,4,6.500000,4.000000,2.692582403567,0.000000000000,0.000000000000,0.000000000000
0,0.00000000,28,7,4,8,4,7.500000,4.000000,3.640054944640,0.000000000000,0.000000000000,0.000000000000
0,0.00000000,29,1,5,2,5,1.500000,5.000000,3.201562118716,0.000000000000,0.000000000000,0.000000000000
0,0.00000000,30,2,5,3,5,2.500000,5.000000,2.500000000000,0.000000000000,0.000000000000,0.000000000000
0,0.00000000,31,3,5,4,5,3.500000,5.000000,2.061552812809,0.000000000000,0.000000000000,0.000000000000
0,0.00000000,32,4,5,5,5,4.500000,5.000000,2.061552812809,0.000000000000,0.000000000000,0.000000000000
0,0.00000000,33,5,5,6,5,5.500000,5.000000,2.500000000000,0.000000000000,0.000000000000,0.000000000000
0,0.00000000,34,6,5,7,5,6.500000,5.000000,3.201562118716,0.000000000000,0.000000000000,0.000000000000
0,0.00000000,35,7,5,8,5,7.500000,5.000000,4.031128874149,0.000000000000,0.000000000000,0.000000000000
0,0.00000000,36,1,6,2,6,1.500000,6.000000,3.905124837953,0.000000000000,0.000000000000,0.000000000000
0,0.00000000,37,2,6,3,6,2.500000,6.000000,3.354101966250,0.000000000000,0.000000000000,0.000000000000
0,0.00000000,38,3,6,4,6,3.500000,6.000000,3.041381265149,0.000000000000,0.000000000000,0.000000000000
0,0.00000000,39,4,6,5,6,4.500000,6.000000,3.041381265149,0.000000000000,0.000000000000,0.000000000000
0,0.00000000,40,5,6,6,6,5.500000,6.000000,3.354101966250,0.000000000000,0.000000000000,0.000000000000
0,0.00000000,41,6,6,7,6,6.500000,6.000000,3.905124837953,0.000000000000,0.000000000000,0.000000000000
0,0.00000000,42,7,6,8,6,7.500000,6.000000,4.609772228646,0.000000000000,0.000000000000,0.000000000000
0,0.00000000,43,1,1,1,2,1.000000,1.500000,3.354101966250,0.000000000000,0.000000000000,0.000000000000
0,0.00000000,44,2,1,2,2,2.000000,1.500000,2.500000000000,0.000000000000,0.000000000000,0.000000000000
0,0.00000000,45,3,1,3,2,3.000000,1.500000,1.802775637732,0.000000000000,0.000000000000,0.000000000000
0,0.00000000,46,4,1,4,2,4.000000,1.500000,1.500000000000,0.000000000000,0.000000000000,0.000000000000
0,0.00000000,47,5,1,5,2,5.000000,1.500000,1.802775637732,0.000000000000,0.000000000000,0.000000000000
0,0.00000000,48,6,1,6,2,6.000000,1.500000,2.500000000000,0.000000000000,0.000000000000,0.000000000000
0,0.00000000,49,7,1,7,2,7.000000,1.500000,3.354101966250,0.000000000000,0.000000000000,0.000000000000
0,0.00000000,50,8,1,8,2,8.000000,1.500000,4.272001872659,0.000000000000,0.000000000000,0.000000000000
0,0.00000000,51,1,2,1,3,1.000000,2.500000,3.041381265149,0.000000000000,0.000000000000,0.000000000000
0,0.00000000,52,2,2,2,3,2.000000,2.500000,2.061552812809,0.000000000000,0.000000000000,0.000000000000
0,0.00000000,53,3,2,3,3,3.000000,2.500000,1.118033988750,0.000000000000,0.000000000000,0.000000000000
0,0.00000000,54,4,2,4,3,4.000000,2.500000,0.500000000000,0.000000000000,1.000000000000,1.000000000000
0,0.00000000,55,5,2,5,3,5.000000,2.500000,1.118033988750,0.000000000000,0.000000000000,0.000000000000
0,0.00000000,56,6,2,6,3,6.000000,2.500000,2.061552812809,0.000000000000,0.000000000000,0.000000000000
0,0.00000000,57,7,2,7,3,7.000000,2.500000,3.041381265149,0.000000000000,0.000000000000,0.000000000000
0,0.00000000,58,8,2,8,3,8.000000,2.500000,4.031128874149,0.000000000000,0.000000000000,0.000000000000
0,0.00000000,59,1,3,1,4,1.000000,3.500000,3.041381265149,0.000000000000,0.000000000000,0.000000000000
0,0.00000000,60,2,3,2,4,2.000000,3.500000,2.061552812809,0.000000000000,0.000000000000,0.000000000000
0,0.00000000,61,3,3,3,4,3.000000,3.500000,1.118033988750,0.000000000000,0.000000000000,0.000000000000
0,0.00000000,62,4,3,4,4,4.000000,3.500000,0.500000000000,0.000000000000,1.000000000000,1.000000000000
0,0.00000000,63,5,3,5,4,5.000000,3.500000,1.118033988750,0.000000000000,0.000000000000,0.000000000000
0,0.00000000,64,6,3,6,4,6.000000,3.500000,2.061552812809,0.000000000000,0.000000000000,0.000000000000
0,0.00000000,65,7,3,7,4,7.000000,3.500000,3.041381265149,0.000000000000,0.000000000000,0.000000000000
0,0.00000000,66,8,3,8,4,8.000000,3.500000,4.031128874149,0.000000000000,0.000000000000,0.000000000000
0,0.00000000,67,1,4,1,5,1.000000,4.500000,3.354101966250,0.000000000000,0.000000000000,0.000000000000
0,0.00000000,68,2,4,2,5,2.000000,4.500000,2.500000000000,0.000000000000,0.000000000000,0.000000000000
0,0.00000000,69,3,4,3,5,3.000000,4.500000,1.802775637732,0.000000000000,0.000000000000,0.000000000000
0,0.00000000,70,4,4,4,5,4.000000,4.500000,1.500000000000,0.000000000000,0.000000000000,0.000000000000
0,0.00000000,71,5,4,5,5,5.000000,4.500000,1.802775637732,0.000000000000,0.000000000000,0.000000000000
0,0.00000000,72,6,4,6,5,6.000000,4.500000,2.500000000000,0.000000000000,0.000000000000,0.000000000000
0,0.00000000,73,7,4,7,5,7.000000,4.500000,3.354101966250,0.000000000000,0.000000000000,0.000000000000
0,0.00000000,74,8,4,8,5,8.000000,4.500000,4.272001872659,0.000000000000,0.000000000000,0.000000000000
0,0.00000000,75,1,5,1,6,1.000000,5.500000,3.905124837953,0.000000000000,0.000000000000,0.000000000000
0,0.00000000,76,2,5,2,6,2.000000,5.500000,3.201562118716,0.000000000000,0.000000000000,0.000000000000
0,0.00000000,77,3,5,3,6,3.000000,5.500000,2.692582403567,0.000000000000,0.000000000000,0.000000000000
0,0.00000000,78,4,5,4,6,4.000000,5.500000,2.500000000000,0.000000000000,0.000000000000,0.000000000000
0,0.00000000,79,5,5,5,6,5.000000,5.500000,2.692582403567,0.000000000000,0.000000000000,0.000000000000
0,0.00000000,80,6,5,6,6,6.000000,5.500000,3.201562118716,0.000000000000,0.000000000000,0.000000000000
0,0.00000000,81,7,5,7,6,7.000000,5.500000,3.905124837953,0.000000000000,0.000000000000,0.000000000000
0,0.00000000,82,8,5,8,6,8.000000,5.500000,4.716990566028,0.000000000000,0.000000000000,0.000000000000
1,0.05000000,1,1,1,2,1,1.500000,1.000000,3.201562118716,0.019734751499,0.019734751499,0.000000000000
1,0.05000000,2,2,1,3,1,2.500000,1.000000,2.500000000000,0.019734751499,0.019734751499,0.000000000000
1,0.05000000,3,3,1,4,1,3.500000,1.000000,2.061552812809,0.019734751499,0.019734751499,0.000000000000
1,0.05000000,4,4,1,5,1,4.500000,1.000000,2.061552812809,0.019734751499,0.019734751499,0.000000000000
1,0.05000000,5,5,1,6,1,5.500000,1.000000,2.500000000000,0.019734751499,0.019734751499,-0.000000000000
1,0.05000000,6,6,1,7,1,6.500000,1.000000,3.201562118716,0.019734751499,0.019734751499,0.000000000000
1,0.05000000,7,7,1,8,1,7.500000,1.000000,4.031128874149,0.019734751499,0.019734751499,0.000000000000
1,0.05000000,8,1,2,2,2,1.500000,2.000000,2.692582403567,0.019734751499,0.019734751499,0.000000000000
1,0.05000000,9,2,2,3,2,2.500000,2.000000,1.802775637732,0.019734751499,0.019734751499,0.000000000000
1,0.05000000,10,3,2,4,2,3.500000,2.000000,1.118033988750,0.019734751499,0.019734751499,0.000000000000
1,0.05000000,11,4,2,5,2,4.500000,2.000000,1.118033988750,0.019734751499,0.019734751499,0.000000000000
1,0.05000000,12,5,2,6,2,5.500000,2.000000,1.802775637732,0.019734751499,0.019734751499,0.000000000000
1,0.05000000,13,6,2,7,2,6.500000,2.000000,2.692582403567,0.019734751499,0.019734751499,0.000000000000
1,0.05000000,14,7,2,8,2,7.500000,2.000000,3.640054944640,0.019734751499,0.019734751499,0.000000000000
1,0.05000000,15,1,3,2,3,1.500000,3.000000,2.500000000000,0.019734751499,0.019734751499,-0.000000000000
1,0.05000000,16,2,3,3,3,2.500000,3.000000,1.500000000000,0.019734751499,0.019734751499,0.000000000000
1,0.05000000,17,3,3,4,3,3.500000,3.000000,0.500000000000,0.019734751499,0.980265248501,0.960530497001
1,0.05000000,18,4,3,5,3,4.500000,3.000000,0.500000000000,0.019734751499,0.980265248501,0.960530497001
1,0.05000000,19,5,3,6,3,5.500000,3.000000,1.500000000000,0.019734751499,0.019734751499,0.000000000000
1,0.05000000,20,6,3,7,3,6.500000,3.000000,2.500000000000,0.019734751499,0.019734751499,0.000000000000
1,0.05000000,21,7,3,8,3,7.500000,3.000000,3.500000000000,0.019734751499,0.019734751499,0.000000000000
1,0.05000000,22,1,4,2,4,1.500000,4.000000,2.692582403567,0.019734751499,0.019734751499,0.000000000000
1,0.05000000,23,2,4,3,4,2.500000,4.000000,1.802775637732,0.019734751499,0.019734751499,0.000000000000
1,0.05000000,24,3,4,4,4,3.500000,4.000000,1.118033988750,0.019734751499,0.019734751499,0.000000000000
1,0.05000000,25,4,4,5,4,4.500000,4.000000,1.118033988750,0.019734751499,0.019734751499,0.000000000000
1,0.05000000,26,5,4,6,4,5.500000,4.000000,1.802775637732,0.019734751499,0.019734751499,0.000000000000
1,0.05000000,27,6,4,7,4,6.500000,4.000000,2.692582403567,0.019734751499,0.019734751499,0.000000000000
1,0.05000000,28,7,4,8,4,7.500000,4.000000,3.640054944640,0.019734751499,0.019734751499,-0.000000000000
1,0.05000000,29,1,5,2,5,1.500000,5.000000,3.201562118716,0.019734751499,0.019734751499,0.000000000000
1,0.05000000,30,2,5,3,5,2.500000,5.000000,2.500000000000,0.019734751499,0.019734751499,0.000000000000
1,0.05000000,31,3,5,4,5,3.500000,5.000000,2.061552812809,0.019734751499,0.019734751499,-0.000000000000
1,0.05000000,32,4,5,5,5,4.500000,5.000000,2.061552812809,0.019734751499,0.019734751499,0.000000000000
1,0.05000000,33,5,5,6,5,5.500000,5.000000,2.500000000000,0.019734751499,0.019734751499,-0.000000000000
1,0.05000000,34,6,5,7,5,6.500000,5.000000,3.201562118716,0.019734751499,0.019734751499,0.000000000000
1,0.05000000,35,7,5,8,5,7.500000,5.000000,4.031128874149,0.019734751499,0.019734751499,0.000000000000
1,0.05000000,36,1,6,2,6,1.500000,6.000000,3.905124837953,0.019734751499,0.019734751499,0.000000000000
1,0.05000000,37,2,6,3,6,2.500000,6.000000,3.354101966250,0.019734751499,0.019734751499,0.000000000000
1,0.05000000,38,3,6,4,6,3.500000,6.000000,3.041381265149,0.019734751499,0.019734751499,0.000000000000
1,0.05000000,39,4,6,5,6,4.500000,6.000000,3.041381265149,0.019734751499,0.019734751499,-0.000000000000
1,0.05000000,40,5,6,6,6,5.500000,6.000000,3.354101966250,0.019734751499,0.019734751499,-0.000000000000
1,0.05000000,41,6,6,7,6,6.500000,6.000000,3.905124837953,0.019734751499,0.019734751499,0.000000000000
1,0.05000000,42,7,6,8,6,7.500000,6.000000,4.609772228646,0.019734751499,0.019734751499,0.000000000000
1,0.05000000,43,1,1,1,2,1.000000,1.500000,3.354101966250,0.019734751499,0.019734751499,0.000000000000
1,0.05000000,44,2,1,2,2,2.000000,1.500000,2.500000000000,0.019734751499,0.019734751499,0.000000000000
1,0.05000000,45,3,1,3,2,3.000000,1.500000,1.802775637732,0.019734751499,0.019734751499,0.000000000000
1,0.05000000,46,4,1,4,2,4.000000,1.500000,1.500000000000,0.019734751499,0.019734751499,0.000000000000
1,0.05000000,47,5,1,5,2,5.000000,1.500000,1.802775637732,0.019734751499,0.019734751499,-0.000000000000
1,0.05000000,48,6,1,6,2,6.000000,1.500000,2.500000000000,0.019734751499,0.019734751499,0.000000000000
1,0.05000000,49,7,1,7,2,7.000000,1.500000,3.354101966250,0.019734751499,0.019734751499,0.000000000000
1,0.05000000,50,8,1,8,2,8.000000,1.500000,4.272001872659,0.019734751499,0.019734751499,0.000000000000
1,0.05000000,51,1,2,1,3,1.000000,2.500000,3.041381265149,0.019734751499,0.019734751499,0.000000000000
1,0.05000000,52,2,2,2,3,2.000000,2.500000,2.061552812809,0.019734751499,0.019734751499,0.000000000000
1,0.05000000,53,3,2,3,3,3.000000,2.500000,1.118033988750,0.019734751499,0.019734751499,0.000000000000
1,0.05000000,54,4,2,4,3,4.000000,2.500000,0.500000000000,0.019734751499,0.980265248501,0.960530497001
1,0.05000000,55,5,2,5,3,5.000000,2.500000,1.118033988750,0.019734751499,0.019734751499,0.000000000000
1,0.05000000,56,6,2,6,3,6.000000,2.500000,2.061552812809,0.019734751499,0.019734751499,0.000000000000
1,0.05000000,57,7,2,7,3,7.000000,2.500000,3.041381265149,0.019734751499,0.019734751499,0.000000000000
1,0.05000000,58,8,2,8,3,8.000000,2.500000,4.031128874149,0.019734751499,0.019734751499,-0.000000000000
1,0.05000000,59,1,3,1,4,1.000000,3.500000,3.041381265149,0.019734751499,0.019734751499,0.000000000000
1,0.05000000,60,2,3,2,4,2.000000,3.500000,2.061552812809,0.019734751499,0.019734751499,0.000000000000
1,0.05000000,61,3,3,3,4,3.000000,3.500000,1.118033988750,0.019734751499,0.019734751499,0.000000000000
1,0.05000000,62,4,3,4,4,4.000000,3.500000,0.500000000000,0.019734751499,0.980265248501,0.960530497001
1,0.05000000,63,5,3,5,4,5.000000,3.500000,1.118033988750,0.019734751499,0.019734751499,-0.000000000000
1,0.05000000,64,6,3,6,4,6.000000,3.500000,2.061552812809,0.019734751499,0.019734751499,-0.000000000000
1,0.05000000,65,7,3,7,4,7.000000,3.500000,3.041381265149,0.019734751499,0.019734751499,0.000000000000
1,0.05000000,66,8,3,8,4,8.000000,3.500000,4.031128874149,0.019734751499,0.019734751499,0.000000000000
1,0.05000000,67,1,4,1,5,1.000000,4.500000,3.354101966250,0.019734751499,0.019734751499,0.000000000000
1,0.05000000,68,2,4,2,5,2.000000,4.500000,2.500000000000,0.019734751499,0.019734751499,0.000000000000
1,0.05000000,69,3,4,3,5,3.000000,4.500000,1.802775637732,0.019734751499,0.019734751499,0.000000000000
1,0.05000000,70,4,4,4,5,4.000000,4.500000,1.500000000000,0.019734751499,0.019734751499,0.000000000000
1,0.05000000,71,5,4,5,5,5.000000,4.500000,1.802775637732,0.019734751499,0.019734751499,0.000000000000
1,0.05000000,72,6,4,6,5,6.000000,4.500000,2.500000000000,0.019734751499,0.019734751499,0.000000000000
1,0.05000000,73,7,4,7,5,7.000000,4.500000,3.354101966250,0.019734751499,0.019734751499,-0.000000000000
1,0.05000000,74,8,4,8,5,8.000000,4.500000,4.272001872659,0.019734751499,0.019734751499,0.000000000000
1,0.05000000,75,1,5,1,6,1.000000,5.500000,3.905124837953,0.019734751499,0.019734751499,0.000000000000
1,0.05000000,76,2,5,2,6,2.000000,5.500000,3.201562118716,0.019734751499,0.019734751499,0.000000000000
1,0.05000000,77,3,5,3,6,3.000000,5.500000,2.692582403567,0.019734751499,0.019734751499,0.000000000000
1,0.05000000,78,4,5,4,6,4.000000,5.500000,2.500000000000,0.019734751499,0.019734751499,0.000000000000
1,0.05000000,79,5,5,5,6,5.000000,5.500000,2.692582403567,0.019734751499,0.019734751499,-0.000000000000
1,0.05000000,80,6,5,6,6,6.000000,5.500000,3.201562118716,0.019734751499,0.019734751499,-0.000000000000
1,0.05000000,81,7,5,7,6,7.000000,5.500000,3.905124837953,0.019734751499,0.019734751499,0.000000000000
1,0.05000000,82,8,5,8,6,8.000000,5.500000,4.716990566028,0.019734751499,0.019734751499,0.000000000000
2,0.10000000,1,1,1,2,1,1.500000,1.000000,3.201562118716,0.074625289219,0.074625289219,-0.000000000000
2,0.10000000,2,2,1,3,1,2.500000,1.000000,2.500000000000,0.074175036878,0.074175036878,0.000000000000
2,0.10000000,3,3,1,4,1,3.500000,1.000000,2.061552812809,0.074175036878,0.074175036878,0.000000000000
2,0.10000000,4,4,1,5,1,4.500000,1.000000,2.061552812809,0.074175036878,0.074175036878,0.000000000000
2,0.10000000,5,5,1,6,1,5.500000,1.000000,2.500000000000,0.074175036878,0.074175036878,0.000000000000
2,0.10000000,6,6,1,7,1,6.500000,1.000000,3.201562118716,0.074175036878,0.074175036878,-0.000000000000
2,0.10000000,7,7,1,8,1,7.500000,1.000000,4.031128874149,0.074625289219,0.074625289219,-0.000000000000
2,0.10000000,8,1,2,2,2,1.500000,2.000000,2.692582403567,0.073558260137,0.073558260137,0.000000000000
2,0.10000000,9,2,2,3,2,2.500000,2.000000,1.802775637732,0.072941036635,0.072941036635,0.000000000000
2,0.10000000,10,3,2,4,2,3.500000,2.000000,1.118033988750,0.072941036634,0.074001767191,0.001060730556
2,0.10000000,11,4,2,5,2,4.500000,2.000000,1.118033988750,0.072941036634,0.074001767191,0.001060730556
2,0.10000000,12,5,2,6,2,5.500000,2.000000,1.802775637732,0.072941036634,0.072941036634,0.000000000000
2,0.10000000,13,6,2,7,2,6.500000,2.000000,2.692582403567,0.072941036635,0.072941036635,0.000000000000
2,0.10000000,14,7,2,8,2,7.500000,2.000000,3.640054944640,0.073558260137,0.073558260137,0.000000000000
2,0.10000000,15,1,3,2,3,1.500000,3.000000,2.500000000000,0.073558260137,0.073558260137,0.000000000000
2,0.10000000,16,2,3,3,3,2.500000,3.000000,1.500000000000,0.072941036634,0.074001767190,0.001060730556
2,0.10000000,17,3,3,4,3,3.500000,3.000000,0.500000000000,0.072941036634,0.925940314869,0.852999278235
2,0.10000000,18,4,3,5,3,4.500000,3.000000,0.500000000000,0.072941036634,0.925940314869,0.852999278235
2,0.10000000,19,5,3,6,3,5.500000,3.000000,1.500000000000,0.072941036634,0.074001767190,0.001060730556
2,0.10000000,20,6,3,7,3,6.500000,3.000000,2.500000000000,0.072941036634,0.072941036634,0.000000000000
2,0.10000000,21,7,3,8,3,7.500000,3.000000,3.500000000000,0.073558260137,0.073558260137,0.000000000000
2,0.10000000,22,1,4,2,4,1.500000,4.000000,2.692582403567,0.073558260137,0.073558260137,0.000000000000
2,0.10000000,23,2,4,3,4,2.500000,4.000000,1.802775637732,0.072941036634,0.072941036634,0.000000000000
2,0.10000000,24,3,4,4,4,3.500000,4.000000,1.118033988750,0.072941036634,0.074001767190,0.001060730556
2,0.10000000,25,4,4,5,4,4.500000,4.000000,1.118033988750,0.072941036634,0.074001767190,0.001060730556
2,0.10000000,26,5,4,6,4,5.500000,4.000000,1.802775637732,0.072941036634,0.072941036634,0.000000000000
2,0.10000000,27,6,4,7,4,6.500000,4.000000,2.692582403567,0.072941036634,0.072941036634,0.000000000000
2,0.10000000,28,7,4,8,4,7.500000,4.000000,3.640054944640,0.073558260137,0.073558260137,0.000000000000
2,0.10000000,29,1,5,2,5,1.500000,5.000000,3.201562118716,0.073558260137,0.073558260137,0.000000000000
2,0.10000000,30,2,5,3,5,2.500000,5.000000,2.500000000000,0.072941036635,0.072941036635,0.000000000000
2,0.10000000,31,3,5,4,5,3.500000,5.000000,2.061552812809,0.072941036634,0.072941036634,0.000000000000
2,0.10000000,32,4,5,5,5,4.500000,5.000000,2.061552812809,0.072941036634,0.072941036634,0.000000000000
2,0.10000000,33,5,5,6,5,5.500000,5.000000,2.500000000000,0.072941036634,0.072941036634,0.000000000000
2,0.10000000,34,6,5,7,5,6.500000,5.000000,3.201562118716,0.072941036635,0.072941036635,0.000000000000
2,0.10000000,35,7,5,8,5,7.500000,5.000000,4.031128874149,0.073558260137,0.073558260137,-0.000000000000
2,0.10000000,36,1,6,2,6,1.500000,6.000000,3.905124837953,0.074625289219,0.074625289219,0.000000000000
2,0.10000000,37,2,6,3,6,2.500000,6.000000,3.354101966250,0.074175036878,0.074175036878,0.000000000000
2,0.10000000,38,3,6,4,6,3.500000,6.000000,3.041381265149,0.074175036878,0.074175036878,0.000000000000
2,0.10000000,39,4,6,5,6,4.500000,6.000000,3.041381265149,0.074175036878,0.074175036878,0.000000000000
2,0.10000000,40,5,6,6,6,5.500000,6.000000,3.354101966250,0.074175036878,0.074175036878,-0.000000000000
2,0.10000000,41,6,6,7,6,6.500000,6.000000,3.905124837953,0.074175036878,0.074175036878,0.000000000000
2,0.10000000,42,7,6,8,6,7.500000,6.000000,4.609772228646,0.074625289219,0.074625289219,0.000000000000
2,0.10000000,43,1,1,1,2,1.000000,1.500000,3.354101966250,0.074625289219,0.074625289219,-0.000000000000
2,0.10000000,44,2,1,2,2,2.000000,1.500000,2.500000000000,0.073558260137,0.073558260137,0.000000000000
2,0.10000000,45,3,1,3,2,3.000000,1.500000,1.802775637732,0.073558260137,0.073558260137,0.000000000000
2,0.10000000,46,4,1,4,2,4.000000,1.500000,1.500000000000,0.073558260137,0.074618279917,0.001060019780
2,0.10000000,47,5,1,5,2,5.000000,1.500000,1.802775637732,0.073558260137,0.073558260137,0.000000000000
2,0.10000000,48,6,1,6,2,6.000000,1.500000,2.500000000000,0.073558260137,0.073558260137,0.000000000000
2,0.10000000,49,7,1,7,2,7.000000,1.500000,3.354101966250,0.073558260137,0.073558260137,0.000000000000
2,0.10000000,50,8,1,8,2,8.000000,1.500000,4.272001872659,0.074625289219,0.074625289219,0.000000000000
2,0.10000000,51,1,2,1,3,1.000000,2.500000,3.041381265149,0.074175036878,0.074175036878,0.000000000000
2,0.10000000,52,2,2,2,3,2.000000,2.500000,2.061552812809,0.072941036635,0.072941036635,0.000000000000
2,0.10000000,53,3,2,3,3,3.000000,2.500000,1.118033988750,0.072941036634,0.074001767190,0.001060730556
2,0.10000000,54,4,2,4,3,4.000000,2.500000,0.500000000000,0.072941036634,0.925940314869,0.852999278235
2,0.10000000,55,5,2,5,3,5.000000,2.500000,1.118033988750,0.072941036634,0.074001767190,0.001060730556
2,0.10000000,56,6,2,6,3,6.000000,2.500000,2.061552812809,0.072941036634,0.072941036634,0.000000000000
2,0.10000000,57,7,2,7,3,7.000000,2.500000,3.041381265149,0.072941036635,0.072941036635,0.000000000000
2,0.10000000,58,8,2,8,3,8.000000,2.500000,4.031128874149,0.074175036878,0.074175036878,0.000000000000
2,0.10000000,59,1,3,1,4,1.000000,3.500000,3.041381265149,0.074175036878,0.074175036878,0.000000000000
2,0.10000000,60,2,3,2,4,2.000000,3.500000,2.061552812809,0.072941036634,0.072941036634,0.000000000000
2,0.10000000,61,3,3,3,4,3.000000,3.500000,1.118033988750,0.072941036634,0.074001767190,0.001060730556
2,0.10000000,62,4,3,4,4,4.000000,3.500000,0.500000000000,0.072941036634,0.925940314869,0.852999278235
2,0.10000000,63,5,3,5,4,5.000000,3.500000,1.118033988750,0.072941036634,0.074001767190,0.001060730556
2,0.10000000,64,6,3,6,4,6.000000,3.500000,2.061552812809,0.072941036634,0.072941036634,0.000000000000
2,0.10000000,65,7,3,7,4,7.000000,3.500000,3.041381265149,0.072941036634,0.072941036634,0.000000000000
2,0.10000000,66,8,3,8,4,8.000000,3.500000,4.031128874149,0.074175036878,0.074175036878,0.000000000000
2,0.10000000,67,1,4,1,5,1.000000,4.500000,3.354101966250,0.074175036878,0.074175036878,0.000000000000
2,0.10000000,68,2,4,2,5,2.000000,4.500000,2.500000000000,0.072941036635,0.072941036635,0.000000000000
2,0.10000000,69,3,4,3,5,3.000000,4.500000,1.802775637732,0.072941036634,0.072941036634,0.000000000000
2,0.10000000,70,4,4,4,5,4.000000,4.500000,1.500000000000,0.072941036634,0.074001767190,0.001060730556
2,0.10000000,71,5,4,5,5,5.000000,4.500000,1.802775637732,0.072941036634,0.072941036634,0.000000000000
2,0.10000000,72,6,4,6,5,6.000000,4.500000,2.500000000000,0.072941036634,0.072941036634,0.000000000000
2,0.10000000,73,7,4,7,5,7.000000,4.500000,3.354101966250,0.072941036635,0.072941036635,-0.000000000000
2,0.10000000,74,8,4,8,5,8.000000,4.500000,4.272001872659,0.074175036878,0.074175036878,0.000000000000
2,0.10000000,75,1,5,1,6,1.000000,5.500000,3.905124837953,0.074625289219,0.074625289219,-0.000000000000
2,0.10000000,76,2,5,2,6,2.000000,5.500000,3.201562118716,0.073558260137,0.073558260137,0.000000000000
2,0.10000000,77,3,5,3,6,3.000000,5.500000,2.692582403567,0.073558260137,0.073558260137,0.000000000000
2,0.10000000,78,4,5,4,6,4.000000,5.500000,2.500000000000,0.073558260137,0.073558260137,0.000000000000
2,0.10000000,79,5,5,5,6,5.000000,5.500000,2.692582403567,0.073558260137,0.073558260137,0.000000000000
2,0.10000000,80,6,5,6,6,6.000000,5.500000,3.201562118716,0.073558260137,0.073558260137,0.000000000000
2,0.10000000,81,7,5,7,6,7.000000,5.500000,3.905124837953,0.073558260137,0.073558260137,-0.000000000000
2,0.10000000,82,8,5,8,6,8.000000,5.500000,4.716990566028,0.074625289219,0.074625289219,-0.000000000000
3,0.15000000,1,1,1,2,1,1.500000,1.000000,3.201562118716,0.152974897566,0.152974897566,-0.000000000001
3,0.15000000,2,2,1,3,1,2.500000,1.000000,2.500000000000,0.150639965471,0.150639965472,0.000000000000
3,0.15000000,3,3,1,4,1,3.500000,1.000000,2.061552812809,0.150639264227,0.150641017091,0.000001752864
3,0.15000000,4,4,1,5,1,4.500000,1.000000,2.061552812809,0.150639264223,0.150641017087,0.000001752864
3,0.15000000,5,5,1,6,1,5.500000,1.000000,2.500000000000,0.150639264227,0.150639264227,0.000000000000
3,0.15000000,6,6,1,7,1,6.500000,1.000000,3.201562118716,0.150639965471,0.150639965471,-0.000000000001
3,0.15000000,7,7,1,8,1,7.500000,1.000000,4.031128874149,0.152974897566,0.152974897566,-0.000000000000
3,0.15000000,8,1,2,2,2,1.500000,2.000000,2.692582403567,0.147553059943,0.147553059943,0.000000000000
3,0.15000000,9,2,2,3,2,2.500000,2.000000,1.802775637732,0.144450359943,0.144455340104,0.000004980161
3,0.15000000,10,3,2,4,2,3.500000,2.000000,1.118033988750,0.144448843963,0.149819106898,0.005370262935
3,0.15000000,11,4,2,5,2,4.500000,2.000000,1.118033988750,0.144448843959,0.149819106894,0.005370262935
3,0.15000000,12,5,2,6,2,5.500000,2.000000,1.802775637732,0.144448843963,0.144453824133,0.000004980171
3,0.15000000,13,6,2,7,2,6.500000,2.000000,2.692582403567,0.144450359943,0.144450359943,0.000000000000
3,0.15000000,14,7,2,8,2,7.500000,2.000000,3.640054944640,0.147553059943,0.147553059943,-0.000000000000
3,0.15000000,15,1,3,2,3,1.500000,3.000000,2.500000000000,0.147550846972,0.147553327408,0.000002480435
3,0.15000000,16,2,3,3,3,2.500000,3.000000,1.500000000000,0.144447327582,0.149816037208,0.005368709626
3,0.15000000,17,3,3,4,3,3.500000,3.000000,0.500000000000,0.144445811192,0.849510599432,0.705064788240
3,0.15000000,18,4,3,5,3,4.500000,3.000000,0.500000000000,0.144445811188,0.849510599435,0.705064788247
3,0.15000000,19,5,3,6,3,5.500000,3.000000,1.500000000000,0.144445811192,0.149814531527,0.005368720335
3,0.15000000,20,6,3,7,3,6.500000,3.000000,2.500000000000,0.144447327582,0.144449818920,0.000002491338
3,0.15000000,21,7,3,8,3,7.500000,3.000000,3.500000000000,0.147550846972,0.147550846972,0.000000000000
3,0.15000000,22,1,4,2,4,1.500000,4.000000,2.692582403567,0.147550846972,0.147550846972,0.000000000000
3,0.15000000,23,2,4,3,4,2.500000,4.000000,1.802775637732,0.144447327582,0.144452309117,0.000004981534
3,0.15000000,24,3,4,4,4,3.500000,4.000000,1.118033988750,0.144445811192,0.149817005236,0.005371194044
3,0.15000000,25,4,4,5,4,4.500000,4.000000,1.118033988750,0.144445811188,0.149817005232,0.005371194044
3,0.15000000,26,5,4,6,4,5.500000,4.000000,1.802775637732,0.144445811192,0.144450792736,0.000004981544
3,0.15000000,27,6,4,7,4,6.500000,4.000000,2.692582403567,0.144447327582,0.144447327583,0.000000000000
3,0.15000000,28,7,4,8,4,7.500000,4.000000,3.640054944640,0.147550846972,0.147550846972,-0.000000000000
3,0.15000000,29,1,5,2,5,1.500000,5.000000,3.201562118716,0.147553059943,0.147553059943,-0.000000000001
3,0.15000000,30,2,5,3,5,2.500000,5.000000,2.500000000000,0.144450359943,0.144450359943,0.000000000000
3,0.15000000,31,3,5,4,5,3.500000,5.000000,2.061552812809,0.144448843963,0.144451334620,0.000002490657
3,0.15000000,32,4,5,5,5,4.500000,5.000000,2.061552812809,0.144448843959,0.144451334616,0.000002490657
3,0.15000000,33,5,5,6,5,5.500000,5.000000,2.500000000000,0.144448843963,0.144448843963,0.000000000000
3,0.15000000,34,6,5,7,5,6.500000,5.000000,3.201562118716,0.144450359943,0.144450359943,-0.000000000001
3,0.15000000,35,7,5,8,5,7.500000,5.000000,4.031128874149,0.147553059943,0.147553059943,-0.000000000000
3,0.15000000,36,1,6,2,6,1.500000,6.000000,3.905124837953,0.152974897567,0.152974897567,-0.000000000000
3,0.15000000,37,2,6,3,6,2.500000,6.000000,3.354101966250,0.150639965471,0.150639965471,-0.000000000000
3,0.15000000,38,3,6,4,6,3.500000,6.000000,3.041381265149,0.150639264227,0.150639264227,-0.000000000000
3,0.15000000,39,4,6,5,6,4.500000,6.000000,3.041381265149,0.150639264223,0.150639264223,-0.000000000000
3,0.15000000,40,5,6,6,6,5.500000,6.000000,3.354101966250,0.150639264227,0.150639264226,-0.000000000000
3,0.15000000,41,6,6,7,6,6.500000,6.000000,3.905124837953,0.150639965471,0.150639965471,-0.000000000000
3,0.15000000,42,7,6,8,6,7.500000,6.000000,4.609772228646,0.152974897567,0.152974897567,-0.000000000000
3,0.15000000,43,1,1,1,2,1.000000,1.500000,3.354101966250,0.152974897566,0.152974897566,-0.000000000000
3,0.15000000,44,2,1,2,2,2.000000,1.500000,2.500000000000,0.147553059943,0.147553059943,0.000000000000
3,0.15000000,45,3,1,3,2,3.000000,1.500000,1.802775637732,0.147550846972,0.147555806709,0.000004959737
3,0.15000000,46,4,1,4,2,4.000000,1.500000,1.500000000000,0.147550846965,0.152896473219,0.005345626254
3,0.15000000,47,5,1,5,2,5.000000,1.500000,1.802775637732,0.147550846965,0.147555806702,0.000004959737
3,0.15000000,48,6,1,6,2,6.000000,1.500000,2.500000000000,0.147550846972,0.147550846972,0.000000000000
3,0.15000000,49,7,1,7,2,7.000000,1.500000,3.354101966250,0.147553059943,0.147553059943,-0.000000000000
3,0.15000000,50,8,1,8,2,8.000000,1.500000,4.272001872659,0.152974897566,0.152974897566,-0.000000000000
3,0.15000000,51,1,2,1,3,1.000000,2.500000,3.041381265149,0.150639965471,0.150639965471,-0.000000000000
3,0.15000000,52,2,2,2,3,2.000000,2.500000,2.061552812809,0.144450359943,0.144452850595,0.000002490652
3,0.15000000,53,3,2,3,3,3.000000,2.500000,1.118033988750,0.144447327582,0.149818510244,0.005371182661
3,0.15000000,54,4,2,4,3,4.000000,2.500000,0.500000000000,0.144447327575,0.849510218025,0.705062890451
3,0.15000000,55,5,2,5,3,5.000000,2.500000,1.118033988750,0.144447327575,0.149818510237,0.005371182662
3,0.15000000,56,6,2,6,3,6.000000,2.500000,2.061552812809,0.144447327582,0.144449818921,0.000002491339
3,0.15000000,57,7,2,7,3,7.000000,2.500000,3.041381265149,0.144450359943,0.144450359943,-0.000000000000
3,0.15000000,58,8,2,8,3,8.000000,2.500000,4.031128874149,0.150639965471,0.150639965471,-0.000000000000
3,0.15000000,59,1,3,1,4,1.000000,3.500000,3.041381265149,0.150639264230,0.150639264230,-0.000000000000
3,0.15000000,60,2,3,2,4,2.000000,3.500000,2.061552812809,0.144448843966,0.144451334623,0.000002490657
3,0.15000000,61,3,3,3,4,3.000000,3.500000,1.118033988750,0.144445811195,0.149817005239,0.005371194044
3,0.15000000,62,4,3,4,4,4.000000,3.500000,0.500000000000,0.144445811188,0.849510599435,0.705064788247
3,0.15000000,63,5,3,5,4,5.000000,3.500000,1.118033988750,0.144445811188,0.149817005232,0.005371194044
3,0.15000000,64,6,3,6,4,6.000000,3.500000,2.061552812809,0.144445811195,0.144448302538,0.000002491343
3,0.15000000,65,7,3,7,4,7.000000,3.500000,3.041381265149,0.144448843966,0.144448843966,-0.000000000000
3,0.15000000,66,8,3,8,4,8.000000,3.500000,4.031128874149,0.150639264230,0.150639264230,-0.000000000000
3,0.15000000,67,1,4,1,5,1.000000,4.500000,3.354101966250,0.150639965471,0.150639965471,-0.000000000000
3,0.15000000,68,2,4,2,5,2.000000,4.500000,2.500000000000,0.144450359943,0.144450359943,-0.000000000000
3,0.15000000,69,3,4,3,5,3.000000,4.500000,1.802775637732,0.144447327582,0.144452309116,0.000004981534
3,0.15000000,70,4,4,4,5,4.000000,4.500000,1.500000000000,0.144447327575,0.149816037201,0.005368709626
3,0.15000000,71,5,4,5,5,5.000000,4.500000,1.802775637732,0.144447327575,0.144452309109,0.000004981534
3,0.15000000,72,6,4,6,5,6.000000,4.500000,2.500000000000,0.144447327582,0.144447327582,0.000000000000
3,0.15000000,73,7,4,7,5,7.000000,4.500000,3.354101966250,0.144450359943,0.144450359943,-0.000000000000
3,0.15000000,74,8,4,8,5,8.000000,4.500000,4.272001872659,0.150639965471,0.150639965471,-0.000000000000
3,0.15000000,75,1,5,1,6,1.000000,5.500000,3.905124837953,0.152974897566,0.152974897566,-0.000000000000
3,0.15000000,76,2,5,2,6,2.000000,5.500000,3.201562118716,0.147553059943,0.147553059943,-0.000000000001
3,0.15000000,77,3,5,3,6,3.000000,5.500000,2.692582403567,0.147550846972,0.147550846972,0.000000000000
3,0.15000000,78,4,5,4,6,4.000000,5.500000,2.500000000000,0.147550846965,0.147553327400,0.000002480435
3,0.15000000,79,5,5,5,6,5.000000,5.500000,2.692582403567,0.147550846965,0.147550846965,0.000000000000
3,0.15000000,80,6,5,6,6,6.000000,5.500000,3.201562118716,0.147550846972,0.147550846972,-0.000000000001
3,0.15000000,81,7,5,7,6,7.000000,5.500000,3.905124837953,0.147553059943,0.147553059943,-0.000000000000
3,0.15000000,82,8,5,8,6,8.000000,5.500000,4.716990566028,0.152974897566,0.152974897566,-0.000000000000
4,0.20000000,1,1,1,2,1,1.500000,1.000000,3.201562118716,0.238964222887,0.238964222886,-0.000000000000
4,0.20000000,2,2,1,3,1,2.500000,1.000000,2.500000000000,0.232629421753,0.232629441230,0.000000019477
4,0.20000000,3,3,1,4,1,3.500000,1.000000,2.061552812809,0.232620862768,0.232641783882,0.000020921115
4,0.20000000,4,4,1,5,1,4.500000,1.000000,2.061552812809,0.232620861034,0.232641782149,0.000020921115
4,0.20000000,5,5,1,6,1,5.500000,1.000000,2.500000000000,0.232620862768,0.232620882245,0.000000019478
4,0.20000000,6,6,1,7,1,6.500000,1.000000,3.201562118716,0.232629421753,0.232629421752,-0.000000000000
4,0.20000000,7,7,1,8,1,7.500000,1.000000,4.031128874149,0.238964222887,0.238964222887,-0.000000000000
4,0.20000000,8,1,2,2,2,1.500000,2.000000,2.692582403567,0.224671941095,0.224671971147,0.000000030052
4,0.20000000,9,2,2,3,2,2.500000,2.000000,1.802775637732,0.216567376480,0.216624056663,0.000056680184
4,0.20000000,10,3,2,4,2,3.500000,2.000000,1.118033988750,0.216550098172,0.230753434018,0.014203335846
4,0.20000000,11,4,2,5,2,4.500000,2.000000,1.118033988750,0.216550091969,0.230753427973,0.014203336005
4,0.20000000,12,5,2,6,2,5.500000,2.000000,1.802775637732,0.216550098173,0.216606779963,0.000056681790
4,0.20000000,13,6,2,7,2,6.500000,2.000000,2.692582403567,0.216567376480,0.216567406985,0.000000030505
4,0.20000000,14,7,2,8,2,7.500000,2.000000,3.640054944640,0.224671941095,0.224671941094,-0.000000000000
4,0.20000000,15,1,3,2,3,1.500000,3.000000,2.500000000000,0.224646267743,0.224674249940,0.000027982196
4,0.20000000,16,2,3,3,3,2.500000,3.000000,1.500000000000,0.216532805891,0.230717928817,0.014185122926
4,0.20000000,17,3,3,4,3,3.500000,3.000000,0.500000000000,0.216515500721,0.766023463505,0.549507962785
4,0.20000000,18,4,3,5,3,4.500000,3.000000,0.500000000000,0.216515494507,0.766023464737,0.549507970230
4,0.20000000,19,5,3,6,3,5.500000,3.000000,1.500000000000,0.216515500720,0.230701029234,0.014185528514
4,0.20000000,20,6,3,7,3,6.500000,3.000000,2.500000000000,0.216532805891,0.216561201488,0.000028395596
4,0.20000000,21,7,3,8,3,7.500000,3.000000,3.500000000000,0.224646267743,0.224646277779,0.000000010035
4,0.20000000,22,1,4,2,4,1.500000,4.000000,2.692582403567,0.224646267744,0.224646297840,0.000000030096
4,0.20000000,23,2,4,3,4,2.500000,4.000000,1.802775637732,0.216532805891,0.216589555262,0.000056749371
4,0.20000000,24,3,4,4,4,3.500000,4.000000,1.118033988750,0.216515500720,0.230728755092,0.014213254372
4,0.20000000,25,4,4,5,4,4.500000,4.000000,1.118033988750,0.216515494507,0.230728749039,0.014213254531
4,0.20000000,26,5,4,6,4,5.500000,4.000000,1.802775637732,0.216515500720,0.216572251705,0.000056750985
4,0.20000000,27,6,4,7,4,6.500000,4.000000,2.692582403567,0.216532805891,0.216532836441,0.000000030550
4,0.20000000,28,7,4,8,4,7.500000,4.000000,3.640054944640,0.224646267744,0.224646267743,-0.000000000000
4,0.20000000,29,1,5,2,5,1.500000,5.000000,3.201562118716,0.224671941095,0.224671941094,-0.000000000001
4,0.20000000,30,2,5,3,5,2.500000,5.000000,2.500000000000,0.216567376480,0.216567406989,0.000000030509
4,0.20000000,31,3,5,4,5,3.500000,5.000000,2.061552812809,0.216550098172,0.216578482993,0.000028384821
4,0.20000000,32,4,5,5,5,4.500000,5.000000,2.061552812809,0.216550091969,0.216578476790,0.000028384822
4,0.20000000,33,5,5,6,5,5.500000,5.000000,2.500000000000,0.216550098173,0.216550128682,0.000000030510
4,0.20000000,34,6,5,7,5,6.500000,5.000000,3.201562118716,0.216567376480,0.216567376479,-0.000000000001
4,0.20000000,35,7,5,8,5,7.500000,5.000000,4.031128874149,0.224671941095,0.224671941095,-0.000000000000
4,0.20000000,36,1,6,2,6,1.500000,6.000000,3.905124837953,0.238964222887,0.238964222887,-0.000000000000
4,0.20000000,37,2,6,3,6,2.500000,6.000000,3.354101966250,0.232629421753,0.232629421752,-0.000000000000
4,0.20000000,38,3,6,4,6,3.500000,6.000000,3.041381265149,0.232620862768,0.232620870339,0.000000007571
4,0.20000000,39,4,6,5,6,4.500000,6.000000,3.041381265149,0.232620861034,0.232620868606,0.000000007571
4,0.20000000,40,5,6,6,6,5.500000,6.000000,3.354101966250,0.232620862768,0.232620862767,-0.000000000000
4,0.20000000,41,6,6,7,6,6.500000,6.000000,3.905124837953,0.232629421753,0.232629421753,-0.000000000000
4,0.20000000,42,7,6,8,6,7.500000,6.000000,4.609772228646,0.238964222887,0.238964222887,-0.000000000000
4,0.20000000,43,1,1,1,2,1.000000,1.500000,3.354101966250,0.238964222887,0.238964222886,-0.000000000000
4,0.20000000,44,2,1,2,2,2.000000,1.500000,2.500000000000,0.224671941095,0.224671971147,0.000000030052
4,0.20000000,45,3,1,3,2,3.000000,1.500000,1.802775637732,0.224646267744,0.224702180597,0.000055912853
4,0.20000000,46,4,1,4,2,4.000000,1.500000,1.500000000000,0.224646259876,0.238624731053,0.013978471177
4,0.20000000,47,5,1,5,2,5.000000,1.500000,1.802775637732,0.224646259875,0.224702172753,0.000055912877
4,0.20000000,48,6,1,6,2,6.000000,1.500000,2.500000000000,0.224646267744,0.224646297835,0.000000030092
4,0.20000000,49,7,1,7,2,7.000000,1.500000,3.354101966250,0.224671941095,0.224671941094,-0.000000000000
4,0.20000000,50,8,1,8,2,8.000000,1.500000,4.272001872659,0.238964222887,0.238964222887,-0.000000000000
4,0.20000000,51,1,2,1,3,1.000000,2.500000,3.041381265149,0.232629421753,0.232629429324,0.000000007571
4,0.20000000,52,2,2,2,3,2.000000,2.500000,2.061552812809,0.216567376480,0.216595760472,0.000028383992
4,0.20000000,53,3,2,3,3,3.000000,2.500000,1.118033988750,0.216532805891,0.230745619637,0.014212813746
4,0.20000000,54,4,2,4,3,4.000000,2.500000,0.500000000000,0.216532793475,0.766020172954,0.549487379479
4,0.20000000,55,5,2,5,3,5.000000,2.500000,1.118033988750,0.216532793475,0.230745610707,0.014212817233
4,0.20000000,56,6,2,6,3,6.000000,2.500000,2.061552812809,0.216532805891,0.216561221819,0.000028415929
4,0.20000000,57,7,2,7,3,7.000000,2.500000,3.041381265149,0.216567376480,0.216567386653,0.000000010173
4,0.20000000,58,8,2,8,3,8.000000,2.500000,4.031128874149,0.232629421753,0.232629421753,-0.000000000000
4,0.20000000,59,1,3,1,4,1.000000,3.500000,3.041381265149,0.232620864501,0.232620872073,0.000000007571
4,0.20000000,60,2,3,2,4,2.000000,3.500000,2.061552812809,0.216550104376,0.216578489184,0.000028384809
4,0.20000000,61,3,3,3,4,3.000000,3.500000,1.118033988750,0.216515506934,0.230728757976,0.014213251042
4,0.20000000,62,4,3,4,4,4.000000,3.500000,0.500000000000,0.216515494507,0.766023464736,0.549507970229
4,0.20000000,63,5,3,5,4,5.000000,3.500000,1.118033988750,0.216515494508,0.230728749037,0.014213254529
4,0.20000000,64,6,3,6,4,6.000000,3.500000,2.061552812809,0.216515506934,0.216543923682,0.000028416748
4,0.20000000,65,7,3,7,4,7.000000,3.500000,3.041381265149,0.216550104376,0.216550114549,0.000000010173
4,0.20000000,66,8,3,8,4,8.000000,3.500000,4.031128874149,0.232620864501,0.232620864501,-0.000000000000
4,0.20000000,67,1,4,1,5,1.000000,4.500000,3.354101966250,0.232629421753,0.232629421752,-0.000000000000
4,0.20000000,68,2,4,2,5,2.000000,4.500000,2.500000000000,0.216567376479,0.216567406988,0.000000030509
4,0.20000000,69,3,4,3,5,3.000000,4.500000,1.802775637732,0.216532805891,0.216589555262,0.000056749371
4,0.20000000,70,4,4,4,5,4.000000,4.500000,1.500000000000,0.216532793475,0.230717919877,0.014185126402
4,0.20000000,71,5,4,5,5,5.000000,4.500000,1.802775637732,0.216532793474,0.216589542871,0.000056749396
4,0.20000000,72,6,4,6,5,6.000000,4.500000,2.500000000000,0.216532805891,0.216532836441,0.000000030550
4,0.20000000,73,7,4,7,5,7.000000,4.500000,3.354101966250,0.216567376479,0.216567376479,-0.000000000000
4,0.20000000,74,8,4,8,5,8.000000,4.500000,4.272001872659,0.232629421753,0.232629421753,-0.000000000000
4,0.20000000,75,1,5,1,6,1.000000,5.500000,3.905124837953,0.238964222887,0.238964222887,-0.000000000000
4,0.20000000,76,2,5,2,6,2.000000,5.500000,3.201562118716,0.224671941095,0.224671941094,-0.000000000001
4,0.20000000,77,3,5,3,6,3.000000,5.500000,2.692582403567,0.224646267744,0.224646297839,0.000000030096
4,0.20000000,78,4,5,4,6,4.000000,5.500000,2.500000000000,0.224646259876,0.224674242084,0.000027982208
4,0.20000000,79,5,5,5,6,5.000000,5.500000,2.692582403567,0.224646259875,0.224646289971,0.000000030096
4,0.20000000,80,6,5,6,6,6.000000,5.500000,3.201562118716,0.224646267744,0.224646267743,-0.000000000001
4,0.20000000,81,7,5,7,6,7.000000,5.500000,3.905124837953,0.224671941095,0.224671941095,-0.000000000000
4,0.20000000,82,8,5,8,6,8.000000,5.500000,4.716990566028,0.238964222887,0.238964222887,-0.000000000000
5,0.25000000,1,1,1,2,1,1.500000,1.000000,3.201562118716,0.316755473299,0.316755473509,0.000000000210
5,0.25000000,2,2,1,3,1,2.500000,1.000000,2.500000000000,0.304657527897,0.304657910229,0.000000382332
5,0.25000000,3,3,1,4,1,3.500000,1.000000,2.061552812809,0.304610858476,0.304721879110,0.000111020634
5,0.25000000,4,4,1,5,1,4.500000,1.000000,2.061552812809,0.304610822984,0.304721843624,0.000111020640
5,0.25000000,5,5,1,6,1,5.500000,1.000000,2.500000000000,0.304610858476,0.304611240829,0.000000382353
5,0.25000000,6,6,1,7,1,6.500000,1.000000,3.201562118716,0.304657527896,0.304657528110,0.000000000214
5,0.25000000,7,7,1,8,1,7.500000,1.000000,4.031128874149,0.316755473299,0.316755473299,-0.000000000000
5,0.25000000,8,1,2,2,2,1.500000,2.000000,2.692582403567,0.290481398533,0.290481941294,0.000000542761
5,0.25000000,9,2,2,3,2,2.500000,2.000000,1.802775637732,0.275592117830,0.275877239764,0.000285121933
5,0.25000000,10,3,2,4,2,3.500000,2.000000,1.118033988750,0.275504991316,0.302125381346,0.026620390030
5,0.25000000,11,4,2,5,2,4.500000,2.000000,1.118033988750,0.275504876564,0.302125273730,0.026620397166
5,0.25000000,12,5,2,6,2,5.500000,2.000000,1.802775637732,0.275504991318,0.275790165521,0.000285174203
5,0.25000000,13,6,2,7,2,6.500000,2.000000,2.692582403567,0.275592117830,0.275592681178,0.000000563348
5,0.25000000,14,7,2,8,2,7.500000,2.000000,3.640054944640,0.290481398533,0.290481398764,0.000000000231
5,0.25000000,15,1,3,2,3,1.500000,3.000000,2.500000000000,0.290349649405,0.290487761885,0.000138112480
5,0.25000000,16,2,3,3,3,2.500000,3.000000,1.500000000000,0.275417730506,0.301944911368,0.026527180862
5,0.25000000,17,3,3,4,3,3.500000,3.000000,0.500000000000,0.275330224198,0.688147424146,0.412817199949
5,0.25000000,18,4,3,5,3,4.500000,3.000000,0.500000000000,0.275330108840,0.688147436888,0.412817328048
5,0.25000000,19,5,3,6,3,5.500000,3.000000,1.500000000000,0.275330224195,0.301862413202,0.026532189006
5,0.25000000,20,6,3,7,3,6.500000,3.000000,2.500000000000,0.275417730508,0.275560961336,0.000143230828
5,0.25000000,21,7,3,8,3,7.500000,3.000000,3.500000000000,0.290349649405,0.290349831282,0.000000181877
5,0.25000000,22,1,4,2,4,1.500000,4.000000,2.692582403567,0.290349649407,0.290350194324,0.000000544917
5,0.25000000,23,2,4,3,4,2.500000,4.000000,1.802775637732,0.275417730506,0.275703752068,0.000286021562
5,0.25000000,24,3,4,4,4,3.500000,4.000000,1.118033988750,0.275330224194,0.301997382727,0.026667158532
5,0.25000000,25,4,4,5,4,4.500000,4.000000,1.118033988750,0.275330108842,0.301997274582,0.026667165740
5,0.25000000,26,5,4,6,4,5.500000,4.000000,1.802775637732,0.275330224195,0.275616298642,0.000286074446
5,0.25000000,27,6,4,7,4,6.500000,4.000000,2.692582403567,0.275417730508,0.275418296216,0.000000565708
5,0.25000000,28,7,4,8,4,7.500000,4.000000,3.640054944640,0.290349649406,0.290349649638,0.000000000232
5,0.25000000,29,1,5,2,5,1.500000,5.000000,3.201562118716,0.290481398535,0.290481398882,0.000000000346
5,0.25000000,30,2,5,3,5,2.500000,5.000000,2.500000000000,0.275592117832,0.275592681617,0.000000563785
5,0.25000000,31,3,5,4,5,3.500000,5.000000,2.061552812809,0.275504991315,0.275648222318,0.000143231004
5,0.25000000,32,4,5,5,5,4.500000,5.000000,2.061552812809,0.275504876566,0.275648107605,0.000143231040
5,0.25000000,33,5,5,6,5,5.500000,5.000000,2.500000000000,0.275504991319,0.275505555208,0.000000563889
5,0.25000000,34,6,5,7,5,6.500000,5.000000,3.201562118716,0.275592117830,0.275592118190,0.000000000359
5,0.25000000,35,7,5,8,5,7.500000,5.000000,4.031128874149,0.290481398535,0.290481398535,-0.000000000000
5,0.25000000,36,1,6,2,6,1.500000,6.000000,3.905124837953,0.316755473300,0.316755473300,-0.000000000000
5,0.25000000,37,2,6,3,6,2.500000,6.000000,3.354101966250,0.304657527898,0.304657528068,0.000000000170
5,0.25000000,38,3,6,4,6,3.500000,6.000000,3.041381265149,0.304610858475,0.304611006366,0.000000147891
5,0.25000000,39,4,6,5,6,4.500000,6.000000,3.041381265149,0.304610822984,0.304610970875,0.000000147891
5,0.25000000,40,5,6,6,6,5.500000,6.000000,3.354101966250,0.304610858476,0.304610858646,0.000000000170
5,0.25000000,41,6,6,7,6,6.500000,6.000000,3.905124837953,0.304657527897,0.304657527897,-0.000000000000
5,0.25000000,42,7,6,8,6,7.500000,6.000000,4.609772228646,0.316755473300,0.316755473300,-0.000000000000
5,0.25000000,43,1,1,1,2,1.000000,1.500000,3.354101966250,0.316755473299,0.316755473465,0.000000000167
5,0.25000000,44,2,1,2,2,2.000000,1.500000,2.500000000000,0.290481398534,0.290481941339,0.000000542805
5,0.25000000,45,3,1,3,2,3.000000,1.500000,1.802775637732,0.290349649364,0.290625286639,0.000275637275
5,0.25000000,46,4,1,4,2,4.000000,1.500000,1.500000000000,0.290349502185,0.315906049716,0.025556547531
5,0.25000000,47,5,1,5,2,5.000000,1.500000,1.802775637732,0.290349502185,0.290625140554,0.000275638369
5,0.25000000,48,6,1,6,2,6.000000,1.500000,2.500000000000,0.290349649363,0.290350194018,0.000000544654
5,0.25000000,49,7,1,7,2,7.000000,1.500000,3.354101966250,0.290481398535,0.290481398765,0.000000000231
5,0.25000000,50,8,1,8,2,8.000000,1.500000,4.272001872659,0.316755473299,0.316755473299,-0.000000000000
5,0.25000000,51,1,2,1,3,1.000000,2.500000,3.041381265149,0.304657527904,0.304657675786,0.000000147882
5,0.25000000,52,2,2,2,3,2.000000,2.500000,2.061552812809,0.275592117869,0.275735321319,0.000143203450
5,0.25000000,53,3,2,3,3,3.000000,2.500000,1.118033988750,0.275417730467,0.302079456988,0.026661726521
5,0.25000000,54,4,2,4,3,4.000000,2.500000,0.500000000000,0.275417500364,0.688138366957,0.412720866593
5,0.25000000,55,5,2,5,3,5.000000,2.500000,1.118033988750,0.275417500364,0.302079286752,0.026661786388
5,0.25000000,56,6,2,6,3,6.000000,2.500000,2.061552812809,0.275417730468,0.275561336364,0.000143605897
5,0.25000000,57,7,2,7,3,7.000000,2.500000,3.041381265149,0.275592117866,0.275592306170,0.000000188304
5,0.25000000,58,8,2,8,3,8.000000,2.500000,4.031128874149,0.304657527903,0.304657527951,0.000000000047
5,0.25000000,59,1,3,1,4,1.000000,3.500000,3.041381265149,0.304610893980,0.304611041870,0.000000147890
5,0.25000000,60,2,3,2,4,2.000000,3.500000,2.061552812809,0.275505106142,0.275648336550,0.000143230408
5,0.25000000,61,3,3,3,4,3.000000,3.500000,1.118033988750,0.275330339551,0.301997445170,0.026667105619
5,0.25000000,62,4,3,4,4,4.000000,3.500000,0.500000000000,0.275330108841,0.688147436843,0.412817328002
5,0.25000000,63,5,3,5,4,5.000000,3.500000,1.118033988750,0.275330108843,0.301997274403,0.026667165560
5,0.25000000,64,6,3,6,4,6.000000,3.500000,2.061552812809,0.275330339551,0.275473972706,0.000143633155
5,0.25000000,65,7,3,7,4,7.000000,3.500000,3.041381265149,0.275505106142,0.275505294480,0.000000188338
5,0.25000000,66,8,3,8,4,8.000000,3.500000,4.031128874149,0.304610893980,0.304610894027,0.000000000047
5,0.25000000,67,1,4,1,5,1.000000,4.500000,3.354101966250,0.304657527903,0.304657528073,0.000000000170
5,0.25000000,68,2,4,2,5,2.000000,4.500000,2.500000000000,0.275592117866,0.275592681651,0.000000563785
5,0.25000000,69,3,4,3,5,3.000000,4.500000,1.802775637732,0.275417730471,0.275703752033,0.000286021562
5,0.25000000,70,4,4,4,5,4.000000,4.500000,1.500000000000,0.275417500365,0.301944740774,0.026527240409
5,0.25000000,71,5,4,5,5,5.000000,4.500000,1.802775637732,0.275417500363,0.275703523156,0.000286022793
5,0.25000000,72,6,4,6,5,6.000000,4.500000,2.500000000000,0.275417730468,0.275418296296,0.000000565828
5,0.25000000,73,7,4,7,5,7.000000,4.500000,3.354101966250,0.275592117865,0.275592118104,0.000000000240
5,0.25000000,74,8,4,8,5,8.000000,4.500000,4.272001872659,0.304657527903,0.304657527903,-0.000000000000
5,0.25000000,75,1,5,1,6,1.000000,5.500000,3.905124837953,0.316755473299,0.316755473299,-0.000000000000
5,0.25000000,76,2,5,2,6,2.000000,5.500000,3.201562118716,0.290481398536,0.290481398882,0.000000000346
5,0.25000000,77,3,5,3,6,3.000000,5.500000,2.692582403567,0.290349649363,0.290350194280,0.000000544917
5,0.25000000,78,4,5,4,6,4.000000,5.500000,2.500000000000,0.290349502185,0.290487615227,0.000138113042
5,0.25000000,79,5,5,5,6,5.000000,5.500000,2.692582403567,0.290349502185,0.290350047105,0.000000544920
5,0.25000000,80,6,5,6,6,6.000000,5.500000,3.201562118716,0.290349649363,0.290349649711,0.000000000347
5,0.25000000,81,7,5,7,6,7.000000,5.500000,3.905124837953,0.290481398535,0.290481398535,-0.000000000000
5,0.25000000,82,8,5,8,6,8.000000,5.500000,4.716990566028,0.316755473299,0.316755473299,-0.000000000000
6,0.30000000,1,1,1,2,1,1.500000,1.000000,3.201562118716,0.374130092226,0.374130097846,0.000000005619
6,0.30000000,2,2,1,3,1,2.500000,1.000000,2.500000000000,0.356043386055,0.356046459202,0.000003073147
6,0.30000000,3,3,1,4,1,3.500000,1.000000,2.061552812809,0.355880939443,0.356255708951,0.000374769507
6,0.30000000,4,4,1,5,1,4.500000,1.000000,2.061552812809,0.355880638811,0.356255408516,0.000374769705
6,0.30000000,5,5,1,6,1,5.500000,1.000000,2.500000000000,0.355880939445,0.355884013358,0.000003073914
6,0.30000000,6,6,1,7,1,6.500000,1.000000,3.201562118716,0.356043386054,0.356043391911,0.000000005857
6,0.30000000,7,7,1,8,1,7.500000,1.000000,4.031128874149,0.374130092226,0.374130092228,0.000000000002
6,0.30000000,8,1,2,2,2,1.500000,2.000000,2.692582403567,0.336765937069,0.336769869171,0.000003932102
6,0.30000000,9,2,2,3,2,2.500000,2.000000,1.802775637732,0.315181800958,0.316090642006,0.000908841049
6,0.30000000,10,3,2,4,2,3.500000,2.000000,1.118033988750,0.314903177339,0.354671671322,0.039768493984
6,0.30000000,11,4,2,5,2,4.500000,2.000000,1.118033988750,0.314902309068,0.354670909524,0.039768600456
6,0.30000000,12,5,2,6,2,5.500000,2.000000,1.802775637732,0.314903177344,0.315812719941,0.000909542597
6,0.30000000,13,6,2,7,2,6.500000,2.000000,2.692582403567,0.315181800958,0.315186047520,0.000004246562
6,0.30000000,14,7,2,8,2,7.500000,2.000000,3.640054944640,0.336765937069,0.336765942694,0.000000005625
6,0.30000000,15,1,3,2,3,1.500000,3.000000,2.500000000000,0.336338254659,0.336763206931,0.000424952272
6,0.30000000,16,2,3,3,3,2.500000,3.000000,1.500000000000,0.314623995728,0.354095980107,0.039471984379
6,0.30000000,17,3,3,4,3,3.500000,3.000000,0.500000000000,0.314342855323,0.623554223927,0.309211368605
6,0.30000000,18,4,3,5,3,4.500000,3.000000,0.500000000000,0.314341976759,0.623554219328,0.309212242569
6,0.30000000,19,5,3,6,3,5.500000,3.000000,1.500000000000,0.314342855317,0.353847441724,0.039504586407
6,0.30000000,20,6,3,7,3,6.500000,3.000000,2.500000000000,0.314623995733,0.315082376317,0.000458380583
6,0.30000000,21,7,3,8,3,7.500000,3.000000,3.500000000000,0.336338254659,0.336339579549,0.000001324890
6,0.30000000,22,1,4,2,4,1.500000,4.000000,2.692582403567,0.336338254663,0.336342217246,0.000003962583
6,0.30000000,23,2,4,3,4,2.500000,4.000000,1.802775637732,0.314623995728,0.315538552932,0.000914557204
6,0.30000000,24,3,4,4,4,3.500000,4.000000,1.118033988750,0.314342855315,0.354252326761,0.039909471447
6,0.30000000,25,4,4,5,4,4.500000,4.000000,1.118033988750,0.314341976764,0.354251557149,0.039909580386
6,0.30000000,26,5,4,6,4,5.500000,4.000000,1.802775637732,0.314342855317,0.315258131768,0.000915276450
6,0.30000000,27,6,4,7,4,6.500000,4.000000,2.692582403567,0.314623995733,0.314628279421,0.000004283688
6,0.30000000,28,7,4,8,4,7.500000,4.000000,3.640054944640,0.336338254660,0.336338260339,0.000000005679
6,0.30000000,29,1,5,2,5,1.500000,5.000000,3.201562118716,0.336765937071,0.336765945509,0.000000008438
6,0.30000000,30,2,5,3,5,2.500000,5.000000,2.500000000000,0.315181800958,0.315186056496,0.000004255538
6,0.30000000,31,3,5,4,5,3.500000,5.000000,2.061552812809,0.314903177337,0.315362236479,0.000459059143
6,0.30000000,32,4,5,5,5,4.500000,5.000000,2.061552812809,0.314902309071,0.315361369363,0.000459060293
6,0.30000000,33,5,5,6,5,5.500000,5.000000,2.500000000000,0.314903177343,0.314907436211,0.000004258867
6,0.30000000,34,6,5,7,5,6.500000,5.000000,3.201562118716,0.315181800956,0.315181810084,0.000000009128
6,0.30000000,35,7,5,8,5,7.500000,5.000000,4.031128874149,0.336765937071,0.336765937075,0.000000000004
6,0.30000000,36,1,6,2,6,1.500000,6.000000,3.905124837953,0.374130092226,0.374130092229,0.000000000003
6,0.30000000,37,2,6,3,6,2.500000,6.000000,3.354101966250,0.356043386055,0.356043390668,0.000000004613
6,0.30000000,38,3,6,4,6,3.500000,6.000000,3.041381265149,0.355880939442,0.355882122804,0.000001183362
6,0.30000000,39,4,6,5,6,4.500000,6.000000,3.041381265149,0.355880638811,0.355881822174,0.000001183362
6,0.30000000,40,5,6,6,6,5.500000,6.000000,3.354101966250,0.355880939445,0.355880944059,0.000000004614
6,0.30000000,41,6,6,7,6,6.500000,6.000000,3.905124837953,0.356043386054,0.356043386057,0.000000000003
6,0.30000000,42,7,6,8,6,7.500000,6.000000,4.609772228646,0.374130092226,0.374130092226,-0.000000000000
6,0.30000000,43,1,1,1,2,1.000000,1.500000,3.354101966250,0.374130092226,0.374130096645,0.000000004419
6,0.30000000,44,2,1,2,2,2.000000,1.500000,2.500000000000,0.336765937070,0.336769870463,0.000003933393
6,0.30000000,45,3,1,3,2,3.000000,1.500000,1.802775637732,0.336338253604,0.337185236073,0.000846982469
6,0.30000000,46,4,1,4,2,4.000000,1.500000,1.500000000000,0.336337131516,0.372767175161,0.036430043645
6,0.30000000,47,5,1,5,2,5.000000,1.500000,1.802775637732,0.336337131514,0.337184128273,0.000846996759
6,0.30000000,48,6,1,6,2,6.000000,1.500000,2.500000000000,0.336338253602,0.336342211958,0.000003958356
6,0.30000000,49,7,1,7,2,7.000000,1.500000,3.354101966250,0.336765937072,0.336765942698,0.000000005626
6,0.30000000,50,8,1,8,2,8.000000,1.500000,4.272001872659,0.374130092226,0.374130092228,0.000000000002
6,0.30000000,51,1,2,1,3,1.000000,2.500000,3.041381265149,0.356043386242,0.356044569281,0.000001183039
6,0.30000000,52,2,2,2,3,2.000000,2.500000,2.061552812809,0.315181801886,0.315640486668,0.000458684782
6,0.30000000,53,3,2,3,3,3.000000,2.500000,1.118033988750,0.314623994798,0.354498663919,0.039874669121
6,0.30000000,54,4,2,4,3,4.000000,2.500000,0.500000000000,0.314622247992,0.623556925523,0.308934677530
6,0.30000000,55,5,2,5,3,5.000000,2.500000,1.118033988750,0.314622247992,0.354497340391,0.039875092399
6,0.30000000,56,6,2,6,3,6.000000,2.500000,2.061552812809,0.314623994798,0.315085196550,0.000461201752
6,0.30000000,57,7,2,7,3,7.000000,2.500000,3.041381265149,0.315181801881,0.315183228052,0.000001426170
6,0.30000000,58,8,2,8,3,8.000000,2.500000,4.031128874149,0.356043386242,0.356043387518,0.000000001276
6,0.30000000,59,1,3,1,4,1.000000,3.500000,3.041381265149,0.355881240450,0.355882423791,0.000001183341
6,0.30000000,60,2,3,2,4,2.000000,3.500000,2.061552812809,0.314904047462,0.315363097981,0.000459050519
6,0.30000000,61,3,3,3,4,3.000000,3.500000,1.118033988750,0.314343733874,0.354252884487,0.039909150613
6,0.30000000,62,4,3,4,4,4.000000,3.500000,0.500000000000,0.314341976761,0.623554219159,0.309212242398
6,0.30000000,63,5,3,5,4,5.000000,3.500000,1.118033988750,0.314341976766,0.354251553149,0.039909576383
6,0.30000000,64,6,3,6,4,6.000000,3.500000,2.061552812809,0.314343733874,0.314805310022,0.000461576148
6,0.30000000,65,7,3,7,4,7.000000,3.500000,3.041381265149,0.314904047462,0.314905474746,0.000001427284
6,0.30000000,66,8,3,8,4,8.000000,3.500000,4.031128874149,0.355881240451,0.355881241727,0.000000001276
6,0.30000000,67,1,4,1,5,1.000000,4.500000,3.354101966250,0.356043386241,0.356043390854,0.000000004613
6,0.30000000,68,2,4,2,5,2.000000,4.500000,2.500000000000,0.315181801879,0.315186057410,0.000004255530
6,0.30000000,69,3,4,3,5,3.000000,4.500000,1.802775637732,0.314623994805,0.315538552019,0.000914557213
6,0.30000000,70,4,4,4,5,4.000000,4.500000,1.500000000000,0.314622247995,0.354094653963,0.039472405968
6,0.30000000,71,5,4,5,5,5.000000,4.500000,1.802775637732,0.314622247987,0.315536823900,0.000914575913
6,0.30000000,72,6,4,6,5,6.000000,4.500000,2.500000000000,0.314623994798,0.314628281521,0.000004286724
6,0.30000000,73,7,4,7,5,7.000000,4.500000,3.354101966250,0.315181801879,0.315181807976,0.000000006097
6,0.30000000,74,8,4,8,5,8.000000,4.500000,4.272001872659,0.356043386241,0.356043386242,0.000000000002
6,0.30000000,75,1,5,1,6,1.000000,5.500000,3.905124837953,0.374130092226,0.374130092229,0.000000000003
6,0.30000000,76,2,5,2,6,2.000000,5.500000,3.201562118716,0.336765937073,0.336765945511,0.000000008438
6,0.30000000,77,3,5,3,6,3.000000,5.500000,2.692582403567,0.336338253602,0.336342216192,0.000003962590
6,0.30000000,78,4,5,4,6,4.000000,5.500000,2.500000000000,0.336337131516,0.336762091277,0.000424959762
6,0.30000000,79,5,5,5,6,5.000000,5.500000,2.692582403567,0.336337131515,0.336341094196,0.000003962681
6,0.30000000,80,6,5,6,6,6.000000,5.500000,3.201562118716,0.336338253603,0.336338262108,0.000000008505
6,0.30000000,81,7,5,7,6,7.000000,5.500000,3.905124837953,0.336765937072,0.336765937076,0.000000000004
6,0.30000000,82,8,5,8,6,8.000000,5.500000,4.716990566028,0.374130092226,0.374130092226,-0.000000000000
7,0.35000000,1,1,1,2,1,1.500000,1.000000,3.201562118716,0.404722283945,0.404722341828,0.000000057883
7,0.35000000,2,2,1,3,1,2.500000,1.000000,2.500000000000,0.382643720878,0.382658465056,0.000014744179
7,0.35000000,3,3,1,4,1,3.500000,1.000000,2.061552812809,0.382225386761,0.383160123220,0.000934736459
7,0.35000000,4,4,1,5,1,4.500000,1.000000,2.061552812809,0.382223852551,0.383158592174,0.000934739624
7,0.35000000,5,5,1,6,1,5.500000,1.000000,2.500000000000,0.382225386763,0.382240143267,0.000014756504
7,0.35000000,6,6,1,7,1,6.500000,1.000000,3.201562118716,0.382643720875,0.382643783350,0.000000062475
7,0.35000000,7,7,1,8,1,7.500000,1.000000,4.031128874149,0.404722283944,0.404722284025,0.000000000081
7,0.35000000,8,1,2,2,2,1.500000,2.000000,2.692582403567,0.362151126757,0.362167731101,0.000016604345
7,0.35000000,9,2,2,3,2,2.500000,2.000000,1.802775637732,0.336026218539,0.338164456367,0.002138237828
7,0.35000000,10,3,2,4,2,3.500000,2.000000,1.118033988750,0.335368130974,0.385620186796,0.050252055822
7,0.35000000,11,4,2,5,2,4.500000,2.000000,1.118033988750,0.335364199665,0.385617075808,0.050252876143
7,0.35000000,12,5,2,6,2,5.500000,2.000000,1.802775637732,0.335368130983,0.337511612042,0.002143481060
7,0.35000000,13,6,2,7,2,6.500000,2.000000,2.692582403567,0.336026218539,0.336045329265,0.000019110726
7,0.35000000,14,7,2,8,2,7.500000,2.000000,3.640054944640,0.362151126756,0.362151179020,0.000000052264
7,0.35000000,15,1,3,2,3,1.500000,3.000000,2.500000000000,0.361131514401,0.362072860653,0.000941346252
7,0.35000000,16,2,3,3,3,2.500000,3.000000,1.500000000000,0.334709298676,0.384282958484,0.049573659808
7,0.35000000,17,3,3,4,3,3.500000,3.000000,0.500000000000,0.334040860106,0.574898504565,0.240857644459
7,0.35000000,18,4,3,5,3,4.500000,3.000000,0.500000000000,0.334036843994,0.574897898342,0.240861054349
7,0.35000000,19,5,3,6,3,5.500000,3.000000,1.500000000000,0.334040860097,0.383752700378,0.049711840281
7,0.35000000,20,6,3,7,3,6.500000,3.000000,2.500000000000,0.334709298686,0.335792859688,0.001083561002
7,0.35000000,21,7,3,8,3,7.500000,3.000000,3.500000000000,0.361131514402,0.361137144954,0.000005630553
7,0.35000000,22,1,4,2,4,1.500000,4.000000,2.692582403567,0.361131514408,0.361148312895,0.000016798487
7,0.35000000,23,2,4,3,4,2.500000,4.000000,1.802775637732,0.334709298677,0.336870411665,0.002161112989
7,0.35000000,24,3,4,4,4,3.500000,4.000000,1.118033988750,0.334040860092,0.384611758794,0.050570898702
7,0.35000000,25,4,4,5,4,4.500000,4.000000,1.118033988750,0.334036844003,0.384608599364,0.050571755361
7,0.35000000,26,5,4,6,4,5.500000,4.000000,1.802775637732,0.334040860097,0.336207458913,0.002166598815
7,0.35000000,27,6,4,7,4,6.500000,4.000000,2.692582403567,0.334709298686,0.334728699566,0.000019400880
7,0.35000000,28,7,4,8,4,7.500000,4.000000,3.640054944640,0.361131514404,0.361131567479,0.000000053075
7,0.35000000,29,1,5,2,5,1.500000,5.000000,3.201562118716,0.362151126759,0.362151205190,0.000000078431
7,0.35000000,30,2,5,3,5,2.500000,5.000000,2.500000000000,0.336026218540,0.336045410529,0.000019191990
7,0.35000000,31,3,5,4,5,3.500000,5.000000,2.061552812809,0.335368130970,0.336457179424,0.001089048454
7,0.35000000,32,4,5,5,5,4.500000,5.000000,2.061552812809,0.335364199670,0.336453264596,0.001089064926
7,0.35000000,33,5,5,6,5,5.500000,5.000000,2.500000000000,0.335368130983,0.335387370945,0.000019239962
7,0.35000000,34,6,5,7,5,6.500000,5.000000,3.201562118716,0.336026218536,0.336026309106,0.000000090570
7,0.35000000,35,7,5,8,5,7.500000,5.000000,4.031128874149,0.362151126761,0.362151126882,0.000000000122
7,0.35000000,36,1,6,2,6,1.500000,6.000000,3.905124837953,0.404722283945,0.404722284041,0.000000000097
7,0.35000000,37,2,6,3,6,2.500000,6.000000,3.354101966250,0.382643720878,0.382643769679,0.000000048801
7,0.35000000,38,3,6,4,6,3.500000,6.000000,3.041381265149,0.382225386758,0.382231042987,0.000005656229
7,0.35000000,39,4,6,5,6,4.500000,6.000000,3.041381265149,0.382223852552,0.382229508799,0.000005656247
7,0.35000000,40,5,6,6,6,5.500000,6.000000,3.354101966250,0.382225386765,0.382225435607,0.000000048842
7,0.35000000,41,6,6,7,6,6.500000,6.000000,3.905124837953,0.382643720877,0.382643720981,0.000000000104
7,0.35000000,42,7,6,8,6,7.500000,6.000000,4.609772228646,0.404722283944,0.404722283944,-0.000000000000
7,0.35000000,43,1,1,1,2,1.000000,1.500000,3.354101966250,0.404722283945,0.404722329004,0.000000045060
7,0.35000000,44,2,1,2,2,2.000000,1.500000,2.500000000000,0.362151126756,0.362167745719,0.000016618963
7,0.35000000,45,3,1,3,2,3.000000,1.500000,1.802775637732,0.361131504038,0.363007565129,0.001876061091
7,0.35000000,46,4,1,4,2,4.000000,1.500000,1.500000000000,0.361126415360,0.403518837578,0.042392422217
7,0.35000000,47,5,1,5,2,5.000000,1.500000,1.802775637732,0.361126415356,0.363002557059,0.001876141702
7,0.35000000,48,6,1,6,2,6.000000,1.500000,2.500000000000,0.361131504034,0.361148272753,0.000016768719
7,0.35000000,49,7,1,7,2,7.000000,1.500000,3.354101966250,0.362151126761,0.362151179056,0.000000052295
7,0.35000000,50,8,1,8,2,8.000000,1.500000,4.272001872659,0.404722283945,0.404722283999,0.000000000054
7,0.35000000,51,1,2,1,3,1.000000,2.500000,3.041381265149,0.382643723027,0.382649374025,0.000005650998
7,0.35000000,52,2,2,2,3,2.000000,2.500000,2.061552812809,0.336026227733,0.337112458034,0.001086230301
7,0.35000000,53,3,2,3,3,3.000000,2.500000,1.118033988750,0.334709289436,0.385136696559,0.050427407123
7,0.35000000,54,4,2,4,3,4.000000,2.500000,0.500000000000,0.334701342435,0.574999939999,0.240298597564
7,0.35000000,55,5,2,5,3,5.000000,2.500000,1.118033988750,0.334701342435,0.385130560154,0.050429217719
7,0.35000000,56,6,2,6,3,6.000000,2.500000,2.061552812809,0.334709289437,0.335805505879,0.001096216442
7,0.35000000,57,7,2,7,3,7.000000,2.500000,3.041381265149,0.336026227724,0.336032694398,0.000006466674
7,0.35000000,58,8,2,8,3,8.000000,2.500000,4.031128874149,0.382643723026,0.382643736465,0.000000013439
7,0.35000000,59,1,3,1,4,1.000000,3.500000,3.041381265149,0.382226925265,0.382232581175,0.000005655909
7,0.35000000,60,2,3,2,4,2.000000,3.500000,2.061552812809,0.335372080651,0.336461069023,0.001088988372
7,0.35000000,61,3,3,3,4,3.000000,3.500000,1.118033988750,0.334044876139,0.384614742792,0.050569866653
7,0.35000000,62,4,3,4,4,4.000000,3.500000,0.500000000000,0.334036843997,0.574897904482,0.240861060485
7,0.35000000,63,5,3,5,4,5.000000,3.500000,1.118033988750,0.334036844006,0.384608558075,0.050571714069
7,0.35000000,64,6,3,6,4,6.000000,3.500000,2.061552812809,0.334044876139,0.335143969628,0.001099093488
7,0.35000000,65,7,3,7,4,7.000000,3.500000,3.041381265149,0.335372080651,0.335378563539,0.000006482888
7,0.35000000,66,8,3,8,4,8.000000,3.500000,4.031128874149,0.382226925267,0.382226938717,0.000000013450
7,0.35000000,67,1,4,1,5,1.000000,4.500000,3.354101966250,0.382643723024,0.382643771825,0.000000048800
7,0.35000000,68,2,4,2,5,2.000000,4.500000,2.500000000000,0.336026227720,0.336045419562,0.000019191841
7,0.35000000,69,3,4,3,5,3.000000,4.500000,1.802775637732,0.334709289450,0.336870402657,0.002161113207
7,0.35000000,70,4,4,4,5,4.000000,4.500000,1.500000000000,0.334701342439,0.384276833181,0.049575490742
7,0.35000000,71,5,4,5,5,5.000000,4.500000,1.802775637732,0.334701342426,0.336862599616,0.002161257191
7,0.35000000,72,6,4,6,5,6.000000,4.500000,2.500000000000,0.334709289437,0.334728720405,0.000019430969
7,0.35000000,73,7,4,7,5,7.000000,4.500000,3.354101966250,0.336026227721,0.336026288345,0.000000060624
7,0.35000000,74,8,4,8,5,8.000000,4.500000,4.272001872659,0.382643723024,0.382643723082,0.000000000058
7,0.35000000,75,1,5,1,6,1.000000,5.500000,3.905124837953,0.404722283946,0.404722284042,0.000000000096
7,0.35000000,76,2,5,2,6,2.000000,5.500000,3.201562118716,0.362151126761,0.362151205192,0.000000078431
7,0.35000000,77,3,5,3,6,3.000000,5.500000,2.692582403567,0.361131504033,0.361148302648,0.000016798615
7,0.35000000,78,4,5,4,6,4.000000,5.500000,2.500000000000,0.361126415359,0.362067804803,0.000941389444
7,0.35000000,79,5,5,5,6,5.000000,5.500000,2.692582403567,0.361126415358,0.361143215042,0.000016799683
7,0.35000000,80,6,5,6,6,6.000000,5.500000,3.201562118716,0.361131504036,0.361131583409,0.000000079373
7,0.35000000,81,7,5,7,6,7.000000,5.500000,3.905124837953,0.362151126760,0.362151126882,0.000000000122
7,0.35000000,82,8,5,8,6,8.000000,5.500000,4.716990566028,0.404722283946,0.404722283946,-0.000000000000
8,0.40000000,1,1,1,2,1,1.500000,1.000000,3.201562118716,0.408507065578,0.408507403043,0.000000337464
8,0.40000000,2,2,1,3,1,2.500000,1.000000,2.500000000000,0.386468687222,0.386518435043,0.000049747821
8,0.40000000,3,3,1,4,1,3.500000,1.000000,2.061552812809,0.385607260699,0.387475113301,0.001867852601
8,0.40000000,4,4,1,5,1,4.500000,1.000000,2.061552812809,0.385601708766,0.387469590046,0.001867881280
8,0.40000000,5,5,1,6,1,5.500000,1.000000,2.500000000000,0.385607260703,0.385657122004,0.000049861302
8,0.40000000,6,6,1,7,1,6.500000,1.000000,3.201562118716,0.386468687218,0.386469070654,0.000000383436
8,0.40000000,7,7,1,8,1,7.500000,1.000000,4.031128874149,0.408507065577,0.408507066577,0.000000001000
8,0.40000000,8,1,2,2,2,1.500000,2.000000,2.692582403567,0.370427280150,0.370475249182,0.000047969032
8,0.40000000,9,2,2,3,2,2.500000,2.000000,1.802775637732,0.343227649336,0.347264934898,0.004037285562
8,0.40000000,10,3,2,4,2,3.500000,2.000000,1.118033988750,0.341979584434,0.397510169972,0.055530585537
8,0.40000000,11,4,2,5,2,4.500000,2.000000,1.118033988750,0.341966976615,0.397501540690,0.055534564075
8,0.40000000,12,5,2,6,2,5.500000,2.000000,1.802775637732,0.341979584447,0.346042554139,0.004062969692
8,0.40000000,13,6,2,7,2,6.500000,2.000000,2.692582403567,0.343227649336,0.343288352515,0.000060703180
8,0.40000000,14,7,2,8,2,7.500000,2.000000,3.640054944640,0.370427280149,0.370427552019,0.000000271870
8,0.40000000,15,1,3,2,3,1.500000,3.000000,2.500000000000,0.368493980980,0.370105765756,0.001611784776
8,0.40000000,16,2,3,3,3,2.500000,3.000000,1.500000000000,0.340735252135,0.395058291679,0.054323039543
8,0.40000000,17,3,3,4,3,3.500000,3.000000,0.500000000000,0.339456602715,0.541297078078,0.201840475362
8,0.40000000,18,4,3,5,3,4.500000,3.000000,0.500000000000,0.339443563296,0.541292793695,0.201849230399
8,0.40000000,19,5,3,6,3,5.500000,3.000000,1.500000000000,0.339456602702,0.394208364221,0.054751761519
8,0.40000000,20,6,3,7,3,6.500000,3.000000,2.500000000000,0.340735252149,0.342790236671,0.002054984522
8,0.40000000,21,7,3,8,3,7.500000,3.000000,3.500000000000,0.368493980980,0.368510311228,0.000016330247
8,0.40000000,22,1,4,2,4,1.500000,4.000000,2.692582403567,0.368493980990,0.368542567406,0.000048586415
8,0.40000000,23,2,4,3,4,2.500000,4.000000,1.802775637732,0.340735252135,0.344838437366,0.004103185231
8,0.40000000,24,3,4,4,4,3.500000,4.000000,1.118033988750,0.339456602695,0.395577280134,0.056120677439
8,0.40000000,25,4,4,5,4,4.500000,4.000000,1.118033988750,0.339443563310,0.395568521382,0.056124958073
8,0.40000000,26,5,4,6,4,5.500000,4.000000,1.802775637732,0.339456602702,0.343587435332,0.004130832630
8,0.40000000,27,6,4,7,4,6.500000,4.000000,2.692582403567,0.340735252148,0.340797364815,0.000062112667
8,0.40000000,28,7,4,8,4,7.500000,4.000000,3.640054944640,0.368493980984,0.368494258008,0.000000277024
8,0.40000000,29,1,5,2,5,1.500000,5.000000,3.201562118716,0.370427280155,0.370427688371,0.000000408216
8,0.40000000,30,2,5,3,5,2.500000,5.000000,2.500000000000,0.343227649337,0.343288790310,0.000061140973
8,0.40000000,31,3,5,4,5,3.500000,5.000000,2.061552812809,0.341979584428,0.344059865761,0.002080281333
8,0.40000000,32,4,5,5,5,4.500000,5.000000,2.061552812809,0.341966976622,0.344047393431,0.002080416809
8,0.40000000,33,5,5,6,5,5.500000,5.000000,2.500000000000,0.341979584446,0.342041123394,0.000061538948
8,0.40000000,34,6,5,7,5,6.500000,5.000000,3.201562118716,0.343227649331,0.343228168733,0.000000519403
8,0.40000000,35,7,5,8,5,7.500000,5.000000,4.031128874149,0.370427280156,0.370427281488,0.000000001332
8,0.40000000,36,1,6,2,6,1.500000,6.000000,3.905124837953,0.408507065578,0.408507066758,0.000000001180
8,0.40000000,37,2,6,3,6,2.500000,6.000000,3.354101966250,0.386468687221,0.386468984062,0.000000296842
8,0.40000000,38,3,6,4,6,3.500000,6.000000,3.041381265149,0.385607260693,0.385626295417,0.000019034725
8,0.40000000,39,4,6,5,6,4.500000,6.000000,3.041381265149,0.385601708767,0.385620743785,0.000019035018
8,0.40000000,40,5,6,6,6,5.500000,6.000000,3.354101966250,0.385607260703,0.385607558237,0.000000297534
8,0.40000000,41,6,6,7,6,6.500000,6.000000,3.905124837953,0.386468687218,0.386468688566,0.000000001348
8,0.40000000,42,7,6,8,6,7.500000,6.000000,4.609772228646,0.408507065577,0.408507065578,0.000000000002
8,0.40000000,43,1,1,1,2,1.000000,1.500000,3.354101966250,0.408507065591,0.408507325285,0.000000259694
8,0.40000000,44,2,1,2,2,2.000000,1.500000,2.500000000000,0.370427280133,0.370475345808,0.000048065675
8,0.40000000,45,3,1,3,2,3.000000,1.500000,1.802775637732,0.368493922839,0.371720024812,0.003226101973
8,0.40000000,46,4,1,4,2,4.000000,1.500000,1.500000000000,0.368477710069,0.409090004382,0.040612294313
8,0.40000000,47,5,1,5,2,5.000000,1.500000,1.802775637732,0.368477710063,0.371703991629,0.003226281566
8,0.40000000,48,6,1,6,2,6.000000,1.500000,2.500000000000,0.368493922832,0.368542401095,0.000048478263
8,0.40000000,49,7,1,7,2,7.000000,1.500000,3.354101966250,0.370427280140,0.370427552446,0.000000272306
8,0.40000000,50,8,1,8,2,8.000000,1.500000,4.272001872659,0.408507065592,0.408507066242,0.000000000649
8,0.40000000,51,1,2,1,3,1.000000,2.500000,3.041381265149,0.386468701600,0.386487688763,0.000018987163
8,0.40000000,52,2,2,2,3,2.000000,2.500000,2.061552812809,0.343227702043,0.345294103920,0.002066401877
8,0.40000000,53,3,2,3,3,3.000000,2.500000,1.118033988750,0.340735198752,0.396427531936,0.055692333183
8,0.40000000,54,4,2,4,3,4.000000,2.500000,0.500000000000,0.340709557153,0.541714135058,0.201004577904
8,0.40000000,55,5,2,5,3,5.000000,2.500000,1.118033988750,0.340709557153,0.396407415778,0.055697858625
8,0.40000000,56,6,2,6,3,6.000000,2.500000,2.061552812809,0.340735198753,0.342830229226,0.002095030473
8,0.40000000,57,7,2,7,3,7.000000,2.500000,3.041381265149,0.343227702030,0.343248456562,0.000020754532
8,0.40000000,58,8,2,8,3,8.000000,2.500000,4.031128874149,0.386468701598,0.386468783002,0.000000081404
8,0.40000000,59,1,3,1,4,1.000000,3.500000,3.041381265149,0.385612841341,0.385631873647,0.000019032306
8,0.40000000,60,2,3,2,4,2.000000,3.500000,2.061552812809,0.341992297537,0.344072333870,0.002080036332
8,0.40000000,61,3,3,3,4,3.000000,3.500000,1.118033988750,0.339469641239,0.395588510312,0.056118869073
8,0.40000000,62,4,3,4,4,4.000000,3.500000,0.500000000000,0.339443563302,0.541292876941,0.201849313639
8,0.40000000,63,5,3,5,4,5.000000,3.500000,1.118033988750,0.339443563316,0.395568265541,0.056124702225
8,0.40000000,64,6,3,6,4,6.000000,3.500000,2.061552812809,0.339469641239,0.341579273309,0.002109632069
8,0.40000000,65,7,3,7,4,7.000000,3.500000,3.041381265149,0.341992297537,0.342013187810,0.000020890273
8,0.40000000,66,8,3,8,4,8.000000,3.500000,4.031128874149,0.385612841344,0.385612922937,0.000000081593
8,0.40000000,67,1,4,1,5,1.000000,4.500000,3.354101966250,0.386468701596,0.386468998430,0.000000296834
8,0.40000000,68,2,4,2,5,2.000000,4.500000,2.500000000000,0.343227702024,0.343288841578,0.000061139553
8,0.40000000,69,3,4,3,5,3.000000,4.500000,1.802775637732,0.340735198774,0.344838386473,0.004103187699
8,0.40000000,70,4,4,4,5,4.000000,4.500000,1.500000000000,0.340709557160,0.395038437185,0.054328880025
8,0.40000000,71,5,4,5,5,5.000000,4.500000,1.802775637732,0.340709557141,0.344813445864,0.004103888723
8,0.40000000,72,6,4,6,5,6.000000,4.500000,2.500000000000,0.340735198755,0.340797484212,0.000062285457
8,0.40000000,73,7,4,7,5,7.000000,4.500000,3.354101966250,0.343227702023,0.343228050774,0.000000348750
8,0.40000000,74,8,4,8,5,8.000000,4.500000,4.272001872659,0.386468701595,0.386468702342,0.000000000746
8,0.40000000,75,1,5,1,6,1.000000,5.500000,3.905124837953,0.408507065592,0.408507066772,0.000000001180
8,0.40000000,76,2,5,2,6,2.000000,5.500000,3.201562118716,0.370427280141,0.370427688358,0.000000408217
8,0.40000000,77,3,5,3,6,3.000000,5.500000,2.692582403567,0.368493922830,0.368542510325,0.000048587494
8,0.40000000,78,4,5,4,6,4.000000,5.500000,2.500000000000,0.368477710066,0.370089595603,0.001611885536
8,0.40000000,79,5,5,5,6,5.000000,5.500000,2.692582403567,0.368477710065,0.368526302443,0.000048592377
8,0.40000000,80,6,5,6,6,6.000000,5.500000,3.201562118716,0.368493922834,0.368494336388,0.000000413554
8,0.40000000,81,7,5,7,6,7.000000,5.500000,3.905124837953,0.370427280139,0.370427281472,0.000000001332
8,0.40000000,82,8,5,8,6,8.000000,5.500000,4.716990566028,0.408507065593,0.408507065594,0.000000000001
9,0.45000000,1,1,1,2,1,1.500000,1.000000,3.201562118716,0.390740508725,0.390741825231,0.000001316506
9,0.45000000,2,2,1,3,1,2.500000,1.000000,2.500000000000,0.373797266652,0.373926664152,0.000129397500
9,0.45000000,3,3,1,4,1,3.500000,1.000000,2.061552812809,0.372313966873,0.375455634006,0.003141667133
9,0.45000000,4,4,1,5,1,4.500000,1.000000,2.061552812809,0.372298371601,0.375440208660,0.003141837059
9,0.45000000,5,5,1,6,1,5.500000,1.000000,2.500000000000,0.372313966879,0.372444055507,0.000130088628
9,0.45000000,6,6,1,7,1,6.500000,1.000000,3.201562118716,0.373797266645,0.373798873249,0.000001606604
9,0.45000000,7,7,1,8,1,7.500000,1.000000,4.031128874149,0.390740508723,0.390740515534,0.000000006811
9,0.45000000,8,1,2,2,2,1.500000,2.000000,2.692582403567,0.367886680598,0.367990001323,0.000103320725
9,0.45000000,9,2,2,3,2,2.500000,2.000000,1.802775637732,0.343198013060,0.349639865103,0.006441852043
9,0.45000000,10,3,2,4,2,3.500000,2.000000,1.118033988750,0.341196887945,0.395886068131,0.054689180186
9,0.45000000,11,4,2,5,2,4.500000,2.000000,1.118033988750,0.341165348677,0.395868126925,0.054702778248
9,0.45000000,12,5,2,6,2,5.500000,2.000000,1.802775637732,0.341196887962,0.347729998579,0.006533110618
9,0.45000000,13,6,2,7,2,6.500000,2.000000,2.692582403567,0.343198013060,0.343347637892,0.000149624832
9,0.45000000,14,7,2,8,2,7.500000,2.000000,3.640054944640,0.367886680597,0.367887616027,0.000000935431
9,0.45000000,15,1,3,2,3,1.500000,3.000000,2.500000000000,0.364832812664,0.367030493149,0.002197680486
9,0.45000000,16,2,3,3,3,2.500000,3.000000,1.500000000000,0.339222736271,0.392155678511,0.052932942240
9,0.45000000,17,3,3,4,3,3.500000,3.000000,0.500000000000,0.337150481388,0.520030959950,0.182880478562
9,0.45000000,18,4,3,5,3,4.500000,3.000000,0.500000000000,0.337117384548,0.520013133029,0.182895748481
9,0.45000000,19,5,3,6,3,5.500000,3.000000,1.500000000000,0.337150481371,0.391131119226,0.053980637855
9,0.45000000,20,6,3,7,3,6.500000,3.000000,2.500000000000,0.339222736290,0.342509509499,0.003286773208
9,0.45000000,21,7,3,8,3,7.500000,3.000000,3.500000000000,0.364832812665,0.364867761056,0.000034948391
9,0.45000000,22,1,4,2,4,1.500000,4.000000,2.692582403567,0.364832812680,0.364936634451,0.000103821771
9,0.45000000,23,2,4,3,4,2.500000,4.000000,1.802775637732,0.339222736272,0.345812394013,0.006589657741
9,0.45000000,24,3,4,4,4,3.500000,4.000000,1.118033988750,0.337150481361,0.392776677418,0.055626196056
9,0.45000000,25,4,4,5,4,4.500000,4.000000,1.118033988750,0.337117384566,0.392758826658,0.055641442093
9,0.45000000,26,5,4,6,4,5.500000,4.000000,1.802775637732,0.337150481372,0.343842096626,0.006691615254
9,0.45000000,27,6,4,7,4,6.500000,4.000000,2.692582403567,0.339222736290,0.339377178700,0.000154442410
9,0.45000000,28,7,4,8,4,7.500000,4.000000,3.640054944640,0.364832812671,0.364833759740,0.000000947069
9,0.45000000,29,1,5,2,5,1.500000,5.000000,3.201562118716,0.367886680604,0.367888086647,0.000001406043
9,0.45000000,30,2,5,3,5,2.500000,5.000000,2.500000000000,0.343198013061,0.343349272697,0.000151259637
9,0.45000000,31,3,5,4,5,3.500000,5.000000,2.061552812809,0.341196887938,0.344567602636,0.003370714698
9,0.45000000,32,4,5,5,5,4.500000,5.000000,2.061552812809,0.341165348688,0.344536802680,0.003371453992
9,0.45000000,33,5,5,6,5,5.500000,5.000000,2.500000000000,0.341196887964,0.341350343691,0.000153455727
9,0.45000000,34,6,5,7,5,6.500000,5.000000,3.201562118716,0.343198013055,0.343200063822,0.000002050767
9,0.45000000,35,7,5,8,5,7.500000,5.000000,4.031128874149,0.367886680608,0.367886688546,0.000000007939
9,0.45000000,36,1,6,2,6,1.500000,6.000000,3.905124837953,0.390740508724,0.390740516650,0.000000007926
9,0.45000000,37,2,6,3,6,2.500000,6.000000,3.354101966250,0.373797266652,0.373798498396,0.000001231744
9,0.45000000,38,3,6,4,6,3.500000,6.000000,3.041381265149,0.372313966865,0.372363414344,0.000049447479
9,0.45000000,39,4,6,5,6,4.500000,6.000000,3.041381265149,0.372298371605,0.372347821844,0.000049450239
9,0.45000000,40,5,6,6,6,5.500000,6.000000,3.354101966250,0.372313966883,0.372315205440,0.000001238557
9,0.45000000,41,6,6,7,6,6.500000,6.000000,3.905124837953,0.373797266649,0.373797276399,0.000000009751
9,0.45000000,42,7,6,8,6,7.500000,6.000000,4.609772228646,0.390740508723,0.390740508748,0.000000000025
9,0.45000000,43,1,1,1,2,1.000000,1.500000,3.354101966250,0.390740508836,0.390741509328,0.000001000491
9,0.45000000,44,2,1,2,2,2.000000,1.500000,2.500000000000,0.367886680438,0.367990444693,0.000103764255
9,0.45000000,45,3,1,3,2,3.000000,1.500000,1.802775637732,0.364832590304,0.369302448091,0.004469857787
9,0.45000000,46,4,1,4,2,4.000000,1.500000,1.500000000000,0.364792690392,0.395574751624,0.030782061232
9,0.45000000,47,5,1,5,2,5.000000,1.500000,1.802775637732,0.364792690383,0.369262157065,0.004469466682
9,0.45000000,48,6,1,6,2,6.000000,1.500000,2.500000000000,0.364832590294,0.364936254130,0.000103663837
9,0.45000000,49,7,1,7,2,7.000000,1.500000,3.354101966250,0.367886680448,0.367887619390,0.000000938941
9,0.45000000,50,8,1,8,2,8.000000,1.500000,4.272001872659,0.390740508838,0.390740513147,0.000000004309
9,0.45000000,51,1,2,1,3,1.000000,2.500000,3.041381265149,0.373797332859,0.373846498539,0.000049165679
9,0.45000000,52,2,2,2,3,2.000000,2.500000,2.061552812809,0.343198221267,0.346519351936,0.003321130669
9,0.45000000,53,3,2,3,3,3.000000,2.500000,1.118033988750,0.339222522020,0.393852529341,0.054630007321
9,0.45000000,54,4,2,4,3,4.000000,2.500000,0.500000000000,0.339157935038,0.521143358526,0.181985423487
9,0.45000000,55,5,2,5,3,5.000000,2.500000,1.118033988750,0.339157935038,0.393801005249,0.054643070211
9,0.45000000,56,6,2,6,3,6.000000,2.500000,2.061552812809,0.339222522022,0.342607660970,0.003385138948
9,0.45000000,57,7,2,7,3,7.000000,2.500000,3.041381265149,0.343198221250,0.343250039022,0.000051817772
9,0.45000000,58,8,2,8,3,8.000000,2.500000,4.031128874149,0.373797332856,0.373797669288,0.000000336432
9,0.45000000,59,1,3,1,4,1.000000,3.500000,3.041381265149,0.372329694177,0.372379132404,0.000049438227
9,0.45000000,60,2,3,2,4,2.000000,3.500000,2.061552812809,0.341228842853,0.344598930987,0.003370088134
9,0.45000000,61,3,3,3,4,3.000000,3.500000,1.118033988750,0.337183570368,0.392809169914,0.055625599546
9,0.45000000,62,4,3,4,4,4.000000,3.500000,0.500000000000,0.337117384554,0.520013671323,0.182896286769
9,0.45000000,63,5,3,5,4,5.000000,3.500000,1.118033988750,0.337117384572,0.392757738044,0.055640353472
9,0.45000000,64,6,3,6,4,6.000000,3.500000,2.061552812809,0.337183570369,0.340622970230,0.003439399860
9,0.45000000,65,7,3,7,4,7.000000,3.500000,3.041381265149,0.341228842853,0.341281416154,0.000052573300
9,0.45000000,66,8,3,8,4,8.000000,3.500000,4.031128874149,0.372329694182,0.372330032491,0.000000338309
9,0.45000000,67,1,4,1,5,1.000000,4.500000,3.354101966250,0.373797332851,0.373798564516,0.000001231665
9,0.45000000,68,2,4,2,5,2.000000,4.500000,2.500000000000,0.343198221243,0.343349472676,0.000151251433
9,0.45000000,69,3,4,3,5,3.000000,4.500000,1.802775637732,0.339222522047,0.345812197198,0.006589675151
9,0.45000000,70,4,4,4,5,4.000000,4.500000,1.500000000000,0.339157935047,0.392105984770,0.052948049724
9,0.45000000,71,5,4,5,5,5.000000,4.500000,1.802775637732,0.339157935022,0.345750057809,0.006592122787
9,0.45000000,72,6,4,6,5,6.000000,4.500000,2.500000000000,0.339222522022,0.339377651777,0.000155129755
9,0.45000000,73,7,4,7,5,7.000000,4.500000,3.354101966250,0.343198221244,0.343199603568,0.000001382324
9,0.45000000,74,8,4,8,5,8.000000,4.500000,4.272001872659,0.373797332851,0.373797338209,0.000000005358
9,0.45000000,75,1,5,1,6,1.000000,5.500000,3.905124837953,0.390740508838,0.390740516764,0.000000007926
9,0.45000000,76,2,5,2,6,2.000000,5.500000,3.201562118716,0.367886680450,0.367888086493,0.000001406043
9,0.45000000,77,3,5,3,6,3.000000,5.500000,2.692582403567,0.364832590293,0.364936416993,0.000103826701
9,0.45000000,78,4,5,4,6,4.000000,5.500000,2.500000000000,0.364792690389,0.366990181883,0.002197491494
9,0.45000000,79,5,5,5,6,5.000000,5.500000,2.692582403567,0.364792690387,0.364896513049,0.000103822661
9,0.45000000,80,6,5,6,6,6.000000,5.500000,3.201562118716,0.364832590298,0.364834002069,0.000001411771
9,0.45000000,81,7,5,7,6,7.000000,5.500000,3.905124837953,0.367886680448,0.367886688393,0.000000007945
9,0.45000000,82,8,5,8,6,8.000000,5.500000,4.716990566028,0.390740508839,0.390740508860,0.000000000021
10,0.50000000,1,1,1,2,1,1.500000,1.000000,3.201562118716,0.359889911953,0.359893681300,0.000003769348
10,0.50000000,2,2,1,3,1,2.500000,1.000000,2.500000000000,0.352662736137,0.352937648568,0.000274912431
10,0.50000000,3,3,1,4,1,3.500000,1.000000,2.061552812809,0.350473185541,0.355063335445,0.004590149904
10,0.50000000,4,4,1,5,1,4.500000,1.000000,2.061552812809,0.350437214127,0.355028084960,0.004590870832
10,0.50000000,5,5,1,6,1,5.500000,1.000000,2.500000000000,0.350473185552,0.350751154210,0.000277968658
10,0.50000000,6,6,1,7,1,6.500000,1.000000,3.201562118716,0.352662736126,0.352667797684,0.000005061558
10,0.50000000,7,7,1,8,1,7.500000,1.000000,4.031128874149,0.359889911947,0.359889942279,0.000000030332
10,0.50000000,8,1,2,2,2,1.500000,2.000000,2.692582403567,0.360817550617,0.360991491418,0.000173940801
10,0.50000000,9,2,2,3,2,2.500000,2.000000,1.802775637732,0.341296137820,0.350275385145,0.008979247325
10,0.50000000,10,3,2,4,2,3.500000,2.000000,1.118033988750,0.338491837752,0.386985230500,0.048493392748
10,0.50000000,11,4,2,5,2,4.500000,2.000000,1.118033988750,0.338426368537,0.386954931837,0.048528563300
10,0.50000000,12,5,2,6,2,5.500000,2.000000,1.802775637732,0.338491837772,0.347722911910,0.009231074138
10,0.50000000,13,6,2,7,2,6.500000,2.000000,2.692582403567,0.341296137820,0.341599980626,0.000303842806
10,0.50000000,14,7,2,8,2,7.500000,2.000000,3.640054944640,0.360817550615,0.360819876725,0.000002326109
10,0.50000000,15,1,3,2,3,1.500000,3.000000,2.500000000000,0.356696034711,0.359049694752,0.002353660041
10,0.50000000,16,2,3,3,3,2.500000,3.000000,1.500000000000,0.335786211731,0.382118224378,0.046332012647
10,0.50000000,17,3,3,4,3,3.500000,3.000000,0.500000000000,0.332843164513,0.507755257127,0.174912092615
10,0.50000000,18,4,3,5,3,4.500000,3.000000,0.500000000000,0.332773339367,0.507700820446,0.174927481079
10,0.50000000,19,5,3,6,3,5.500000,3.000000,1.500000000000,0.332843164491,0.381292976626,0.048449812136
10,0.50000000,20,6,3,7,3,6.500000,3.000000,2.500000000000,0.335786211755,0.340357423359,0.004571211604
10,0.50000000,21,7,3,8,3,7.500000,3.000000,3.500000000000,0.356696034712,0.356752796511,0.000056761799
10,0.50000000,22,1,4,2,4,1.500000,4.000000,2.692582403567,0.356696034735,0.356865359120,0.000169324385
10,0.50000000,23,2,4,3,4,2.500000,4.000000,1.802775637732,0.335786211734,0.345035315833,0.009249104099
10,0.50000000,24,3,4,4,4,3.500000,4.000000,1.118033988750,0.332843164479,0.382640728349,0.049797563869
10,0.50000000,25,4,4,5,4,4.500000,4.000000,1.118033988750,0.332773339389,0.382612574544,0.049839235155
10,0.50000000,26,5,4,6,4,5.500000,4.000000,1.802775637732,0.332843164491,0.342386976141,0.009543811649
10,0.50000000,27,6,4,7,4,6.500000,4.000000,2.692582403567,0.335786211755,0.336102520028,0.000316308272
10,0.50000000,28,7,4,8,4,7.500000,4.000000,3.640054944640,0.356696034722,0.356698313551,0.000002278829
10,0.50000000,29,1,5,2,5,1.500000,5.000000,3.201562118716,0.360817550627,0.360821054161,0.000003503533
10,0.50000000,30,2,5,3,5,2.500000,5.000000,2.500000000000,0.341296137825,0.341604614624,0.000308476799
10,0.50000000,31,3,5,4,5,3.500000,5.000000,2.061552812809,0.338491837743,0.343283610320,0.004791772577
10,0.50000000,32,4,5,5,5,4.500000,5.000000,2.061552812809,0.338426368552,0.343221081768,0.004794713216
10,0.50000000,33,5,5,6,5,5.500000,5.000000,2.500000000000,0.338491837775,0.338809174768,0.000317336993
10,0.50000000,34,6,5,7,5,6.500000,5.000000,3.201562118716,0.341296137815,0.341302298455,0.000006160640
10,0.50000000,35,7,5,8,5,7.500000,5.000000,4.031128874149,0.360817550631,0.360817581244,0.000000030613
10,0.50000000,36,1,6,2,6,1.500000,6.000000,3.905124837953,0.359889911951,0.359889946750,0.000000034799
10,0.50000000,37,2,6,3,6,2.500000,6.000000,3.354101966250,0.352662736139,0.352666575552,0.000003839413
10,0.50000000,38,3,6,4,6,3.500000,6.000000,3.041381265149,0.350473185530,0.350578215940,0.000105030410
10,0.50000000,39,4,6,5,6,4.500000,6.000000,3.041381265149,0.350437214132,0.350542262063,0.000105047931
10,0.50000000,40,5,6,6,6,5.500000,6.000000,3.354101966250,0.350473185557,0.350477069736,0.000003884179
10,0.50000000,41,6,6,7,6,6.500000,6.000000,3.905124837953,0.352662736131,0.352662783367,0.000000047236
10,0.50000000,42,7,6,8,6,7.500000,6.000000,4.609772228646,0.359889911948,0.359889912135,0.000000000187
10,0.50000000,43,1,1,1,2,1.000000,1.500000,3.354101966250,0.359889912517,0.359892740073,0.000002827556
10,0.50000000,44,2,1,2,2,2.000000,1.500000,2.500000000000,0.360817549659,0.360993050764,0.000175501105
10,0.50000000,45,3,1,3,2,3.000000,1.500000,1.802775637732,0.356695392088,0.361714034719,0.005018642632
10,0.50000000,46,4,1,4,2,4.000000,1.500000,1.500000000000,0.356614761525,0.371742096462,0.015127334937
10,0.50000000,47,5,1,5,2,5.000000,1.500000,1.802775637732,0.356614761513,0.361628793752,0.005014032239
10,0.50000000,48,6,1,6,2,6.000000,1.500000,2.500000000000,0.356695392073,0.356865170375,0.000169778302
10,0.50000000,49,7,1,7,2,7.000000,1.500000,3.354101966250,0.360817549674,0.360819895089,0.000002345416
10,0.50000000,50,8,1,8,2,8.000000,1.500000,4.272001872659,0.359889912522,0.359889931204,0.000000018683
10,0.50000000,51,1,2,1,3,1.000000,2.500000,3.041381265149,0.352662966621,0.352766799673,0.000103833052
10,0.50000000,52,2,2,2,3,2.000000,2.500000,2.061552812809,0.341296764363,0.345950840651,0.004654076288
10,0.50000000,53,3,2,3,3,3.000000,2.500000,1.118033988750,0.335785548320,0.383687713018,0.047902164698
10,0.50000000,54,4,2,4,3,4.000000,2.500000,0.500000000000,0.335650551152,0.510076610764,0.174426059612
10,0.50000000,55,5,2,5,3,5.000000,2.500000,1.118033988750,0.335650551150,0.383577575730,0.047927024580
10,0.50000000,56,6,2,6,3,6.000000,2.500000,2.061552812809,0.335785548321,0.340556198852,0.004770650531
10,0.50000000,57,7,2,7,3,7.000000,2.500000,3.041381265149,0.341296764340,0.341403536134,0.000106771793
10,0.50000000,58,8,2,8,3,8.000000,2.500000,4.031128874149,0.352662966616,0.352664010835,0.000001044219
10,0.50000000,59,1,3,1,4,1.000000,3.500000,3.041381265149,0.350509615748,0.350614639046,0.000105023299
10,0.50000000,60,2,3,2,4,2.000000,3.500000,2.061552812809,0.338558556397,0.343349430785,0.004790874388
10,0.50000000,61,3,3,3,4,3.000000,3.500000,1.118033988750,0.332912940360,0.382717140446,0.049804200086
10,0.50000000,62,4,3,4,4,4.000000,3.500000,0.500000000000,0.332773339377,0.507703117947,0.174929778570
10,0.50000000,63,5,3,5,4,5.000000,3.500000,1.118033988750,0.332773339400,0.382609135844,0.049835796445
10,0.50000000,64,6,3,6,4,6.000000,3.500000,2.061552812809,0.332912940360,0.337841810032,0.004928869671
10,0.50000000,65,7,3,7,4,7.000000,3.500000,3.041381265149,0.338558556395,0.338668404187,0.000109847791
10,0.50000000,66,8,3,8,4,8.000000,3.500000,4.031128874149,0.350509615756,0.350510672363,0.000001056606
10,0.50000000,67,1,4,1,5,1.000000,4.500000,3.354101966250,0.352662966608,0.352666805501,0.000003838893
10,0.50000000,68,2,4,2,5,2.000000,4.500000,2.500000000000,0.341296764334,0.341605209057,0.000308444723
10,0.50000000,69,3,4,3,5,3.000000,4.500000,1.802775637732,0.335785548354,0.345034739096,0.009249190742
10,0.50000000,70,4,4,4,5,4.000000,4.500000,1.500000000000,0.335650551162,0.382015951817,0.046365400655
10,0.50000000,71,5,4,5,5,5.000000,4.500000,1.802775637732,0.335650551131,0.344906365023,0.009255813891
10,0.50000000,72,6,4,6,5,6.000000,4.500000,2.500000000000,0.335785548322,0.336103959338,0.000318411016
10,0.50000000,73,7,4,7,5,7.000000,4.500000,3.354101966250,0.341296764333,0.341300935125,0.000004170792
10,0.50000000,74,8,4,8,5,8.000000,4.500000,4.272001872659,0.352662966606,0.352662992344,0.000000025738
10,0.50000000,75,1,5,1,6,1.000000,5.500000,3.905124837953,0.359889912521,0.359889947319,0.000000034799
10,0.50000000,76,2,5,2,6,2.000000,5.500000,3.201562118716,0.360817549677,0.360821053212,0.000003503535
10,0.50000000,77,3,5,3,6,3.000000,5.500000,2.692582403567,0.356695392071,0.356864727642,0.000169335571
10,0.50000000,78,4,5,4,6,4.000000,5.500000,2.500000000000,0.356614761521,0.358965971228,0.002351209707
10,0.50000000,79,5,5,5,6,5.000000,5.500000,2.692582403567,0.356614761518,0.356783924614,0.000169163096
10,0.50000000,80,6,5,6,6,6.000000,5.500000,3.201562118716,0.356695392078,0.356698790814,0.000003398736
10,0.50000000,81,7,5,7,6,7.000000,5.500000,3.905124837953,0.360817549674,0.360817580344,0.000000030670
10,0.50000000,82,8,5,8,6,8.000000,5.500000,4.716990566028,0.359889912522,0.359889912674,0.000000000152
